"","from","to","from_type","to_type","from_part","from_chapter","from_subchapter","from_exercise","to_part","to_chapter","to_subchapter","to_exercise","key"
"1",1,2,"exercise","exercise",1,2,1,1,1,2,1,2,"1_2"
"2",1,3,"exercise","exercise",1,2,1,1,1,2,1,3,"1_3"
"3",1,4,"exercise","exercise",1,2,1,1,1,2,1,4,"1_4"
"4",1,5,"exercise","exercise",1,2,1,1,1,2,1,5,"1_5"
"5",2,3,"exercise","exercise",1,2,1,2,1,2,1,3,"2_3"
"6",2,4,"exercise","exercise",1,2,1,2,1,2,1,4,"2_4"
"7",2,5,"exercise","exercise",1,2,1,2,1,2,1,5,"2_5"
"8",3,4,"exercise","exercise",1,2,1,3,1,2,1,4,"3_4"
"9",3,5,"exercise","exercise",1,2,1,3,1,2,1,5,"3_5"
"10",4,5,"exercise","exercise",1,2,1,4,1,2,1,5,"4_5"
"11",6,7,"exercise","exercise",1,2,2,1,1,2,2,2,"6_7"
"12",6,8,"exercise","exercise",1,2,2,1,1,2,2,3,"6_8"
"13",6,9,"exercise","exercise",1,2,2,1,1,2,2,4,"6_9"
"14",7,8,"exercise","exercise",1,2,2,2,1,2,2,3,"7_8"
"15",7,9,"exercise","exercise",1,2,2,2,1,2,2,4,"7_9"
"16",8,9,"exercise","exercise",1,2,2,3,1,2,2,4,"8_9"
"17",10,11,"exercise","exercise",1,2,3,1,1,2,3,2,"10_11"
"18",10,12,"exercise","exercise",1,2,3,1,1,2,3,3,"10_12"
"19",11,12,"exercise","exercise",1,2,3,2,1,2,3,3,"11_12"
"20",13,14,"exercise","exercise",1,2,4,1,1,2,4,2,"13_14"
"21",13,15,"exercise","exercise",1,2,4,1,1,2,4,3,"13_15"
"22",14,15,"exercise","exercise",1,2,4,2,1,2,4,3,"14_15"
"23",16,17,"exercise","exercise",1,3,1,1,1,3,1,2,"16_17"
"24",16,18,"exercise","exercise",1,3,1,1,1,3,1,3,"16_18"
"25",16,19,"exercise","exercise",1,3,1,1,1,3,1,4,"16_19"
"26",16,20,"exercise","exercise",1,3,1,1,1,3,1,5,"16_20"
"27",17,18,"exercise","exercise",1,3,1,2,1,3,1,3,"17_18"
"28",17,19,"exercise","exercise",1,3,1,2,1,3,1,4,"17_19"
"29",17,20,"exercise","exercise",1,3,1,2,1,3,1,5,"17_20"
"30",18,19,"exercise","exercise",1,3,1,3,1,3,1,4,"18_19"
"31",18,20,"exercise","exercise",1,3,1,3,1,3,1,5,"18_20"
"32",19,20,"exercise","exercise",1,3,1,4,1,3,1,5,"19_20"
"33",21,22,"exercise","exercise",1,3,2,6,1,3,2,7,"21_22"
"34",21,23,"exercise","exercise",1,3,2,6,1,3,2,8,"21_23"
"35",21,24,"exercise","exercise",1,3,2,6,1,3,2,9,"21_24"
"36",22,23,"exercise","exercise",1,3,2,7,1,3,2,8,"22_23"
"37",22,24,"exercise","exercise",1,3,2,7,1,3,2,9,"22_24"
"38",23,24,"exercise","exercise",1,3,2,8,1,3,2,9,"23_24"
"39",25,26,"exercise","exercise",1,3,3,10,1,3,3,11,"25_26"
"40",25,27,"exercise","exercise",1,3,3,10,1,3,3,12,"25_27"
"41",26,27,"exercise","exercise",1,3,3,11,1,3,3,12,"26_27"
"42",28,29,"exercise","exercise",1,3,4,13,1,3,4,14,"28_29"
"43",28,30,"exercise","exercise",1,3,4,13,1,3,4,15,"28_30"
"44",29,30,"exercise","exercise",1,3,4,14,1,3,4,15,"29_30"
"45",31,32,"exercise","exercise",1,3,5,16,1,3,5,17,"31_32"
"46",31,33,"exercise","exercise",1,3,5,16,1,3,5,18,"31_33"
"47",31,34,"exercise","exercise",1,3,5,16,1,3,5,19,"31_34"
"48",32,33,"exercise","exercise",1,3,5,17,1,3,5,18,"32_33"
"49",32,34,"exercise","exercise",1,3,5,17,1,3,5,19,"32_34"
"50",33,34,"exercise","exercise",1,3,5,18,1,3,5,19,"33_34"
"51",35,36,"exercise","exercise",1,4,1,1,1,4,1,2,"35_36"
"52",35,37,"exercise","exercise",1,4,1,1,1,4,1,3,"35_37"
"53",35,38,"exercise","exercise",1,4,1,1,1,4,1,4,"35_38"
"54",35,39,"exercise","exercise",1,4,1,1,1,4,1,5,"35_39"
"55",35,40,"exercise","exercise",1,4,1,1,1,4,1,6,"35_40"
"56",36,37,"exercise","exercise",1,4,1,2,1,4,1,3,"36_37"
"57",36,38,"exercise","exercise",1,4,1,2,1,4,1,4,"36_38"
"58",36,39,"exercise","exercise",1,4,1,2,1,4,1,5,"36_39"
"59",36,40,"exercise","exercise",1,4,1,2,1,4,1,6,"36_40"
"60",37,38,"exercise","exercise",1,4,1,3,1,4,1,4,"37_38"
"61",37,39,"exercise","exercise",1,4,1,3,1,4,1,5,"37_39"
"62",37,40,"exercise","exercise",1,4,1,3,1,4,1,6,"37_40"
"63",38,39,"exercise","exercise",1,4,1,4,1,4,1,5,"38_39"
"64",38,40,"exercise","exercise",1,4,1,4,1,4,1,6,"38_40"
"65",39,40,"exercise","exercise",1,4,1,5,1,4,1,6,"39_40"
"66",41,42,"exercise","exercise",1,4,2,7,1,4,2,8,"41_42"
"67",43,44,"exercise","exercise",1,4,3,9,1,4,3,10,"43_44"
"68",43,45,"exercise","exercise",1,4,3,9,1,4,3,11,"43_45"
"69",44,45,"exercise","exercise",1,4,3,10,1,4,3,11,"44_45"
"70",46,47,"exercise","exercise",1,5,1,1,1,5,1,2,"46_47"
"71",48,49,"exercise","exercise",1,5,2,3,1,5,2,4,"48_49"
"72",48,50,"exercise","exercise",1,5,2,3,1,5,2,5,"48_50"
"73",49,50,"exercise","exercise",1,5,2,4,1,5,2,5,"49_50"
"74",51,52,"exercise","exercise",1,6,1,1,1,6,1,2,"51_52"
"75",51,53,"exercise","exercise",1,6,1,1,1,6,1,3,"51_53"
"76",51,54,"exercise","exercise",1,6,1,1,1,6,1,4,"51_54"
"77",51,55,"exercise","exercise",1,6,1,1,1,6,1,5,"51_55"
"78",51,56,"exercise","exercise",1,6,1,1,1,6,1,6,"51_56"
"79",51,57,"exercise","exercise",1,6,1,1,1,6,1,7,"51_57"
"80",52,53,"exercise","exercise",1,6,1,2,1,6,1,3,"52_53"
"81",52,54,"exercise","exercise",1,6,1,2,1,6,1,4,"52_54"
"82",52,55,"exercise","exercise",1,6,1,2,1,6,1,5,"52_55"
"83",52,56,"exercise","exercise",1,6,1,2,1,6,1,6,"52_56"
"84",52,57,"exercise","exercise",1,6,1,2,1,6,1,7,"52_57"
"85",53,54,"exercise","exercise",1,6,1,3,1,6,1,4,"53_54"
"86",53,55,"exercise","exercise",1,6,1,3,1,6,1,5,"53_55"
"87",53,56,"exercise","exercise",1,6,1,3,1,6,1,6,"53_56"
"88",53,57,"exercise","exercise",1,6,1,3,1,6,1,7,"53_57"
"89",54,55,"exercise","exercise",1,6,1,4,1,6,1,5,"54_55"
"90",54,56,"exercise","exercise",1,6,1,4,1,6,1,6,"54_56"
"91",54,57,"exercise","exercise",1,6,1,4,1,6,1,7,"54_57"
"92",55,56,"exercise","exercise",1,6,1,5,1,6,1,6,"55_56"
"93",55,57,"exercise","exercise",1,6,1,5,1,6,1,7,"55_57"
"94",56,57,"exercise","exercise",1,6,1,6,1,6,1,7,"56_57"
"95",58,59,"exercise","exercise",1,6,2,8,1,6,2,9,"58_59"
"96",58,60,"exercise","exercise",1,6,2,8,1,6,2,10,"58_60"
"97",59,60,"exercise","exercise",1,6,2,9,1,6,2,10,"59_60"
"98",61,62,"exercise","exercise",1,6,3,11,1,6,3,12,"61_62"
"99",61,63,"exercise","exercise",1,6,3,11,1,6,3,13,"61_63"
"100",61,64,"exercise","exercise",1,6,3,11,1,6,3,14,"61_64"
"101",61,65,"exercise","exercise",1,6,3,11,1,6,3,15,"61_65"
"102",61,66,"exercise","exercise",1,6,3,11,1,6,3,16,"61_66"
"103",62,63,"exercise","exercise",1,6,3,12,1,6,3,13,"62_63"
"104",62,64,"exercise","exercise",1,6,3,12,1,6,3,14,"62_64"
"105",62,65,"exercise","exercise",1,6,3,12,1,6,3,15,"62_65"
"106",62,66,"exercise","exercise",1,6,3,12,1,6,3,16,"62_66"
"107",63,64,"exercise","exercise",1,6,3,13,1,6,3,14,"63_64"
"108",63,65,"exercise","exercise",1,6,3,13,1,6,3,15,"63_65"
"109",63,66,"exercise","exercise",1,6,3,13,1,6,3,16,"63_66"
"110",64,65,"exercise","exercise",1,6,3,14,1,6,3,15,"64_65"
"111",64,66,"exercise","exercise",1,6,3,14,1,6,3,16,"64_66"
"112",65,66,"exercise","exercise",1,6,3,15,1,6,3,16,"65_66"
"113",67,68,"exercise","exercise",1,6,4,17,1,6,4,18,"67_68"
"114",67,69,"exercise","exercise",1,6,4,17,1,6,4,19,"67_69"
"115",68,69,"exercise","exercise",1,6,4,18,1,6,4,19,"68_69"
"116",70,71,"exercise","exercise",1,6,5,20,1,6,5,21,"70_71"
"117",70,72,"exercise","exercise",1,6,5,20,1,6,5,22,"70_72"
"118",70,73,"exercise","exercise",1,6,5,20,1,6,5,23,"70_73"
"119",70,74,"exercise","exercise",1,6,5,20,1,6,5,24,"70_74"
"120",71,72,"exercise","exercise",1,6,5,21,1,6,5,22,"71_72"
"121",71,73,"exercise","exercise",1,6,5,21,1,6,5,23,"71_73"
"122",71,74,"exercise","exercise",1,6,5,21,1,6,5,24,"71_74"
"123",72,73,"exercise","exercise",1,6,5,22,1,6,5,23,"72_73"
"124",72,74,"exercise","exercise",1,6,5,22,1,6,5,24,"72_74"
"125",73,74,"exercise","exercise",1,6,5,23,1,6,5,24,"73_74"
"126",75,76,"exercise","exercise",1,6,6,25,1,6,6,26,"75_76"
"127",75,77,"exercise","exercise",1,6,6,25,1,6,6,27,"75_77"
"128",75,78,"exercise","exercise",1,6,6,25,1,6,6,28,"75_78"
"129",75,79,"exercise","exercise",1,6,6,25,1,6,6,29,"75_79"
"130",75,80,"exercise","exercise",1,6,6,25,1,6,6,30,"75_80"
"131",75,81,"exercise","exercise",1,6,6,25,1,6,6,31,"75_81"
"132",75,82,"exercise","exercise",1,6,6,25,1,6,6,32,"75_82"
"133",75,83,"exercise","exercise",1,6,6,25,1,6,6,33,"75_83"
"134",76,77,"exercise","exercise",1,6,6,26,1,6,6,27,"76_77"
"135",76,78,"exercise","exercise",1,6,6,26,1,6,6,28,"76_78"
"136",76,79,"exercise","exercise",1,6,6,26,1,6,6,29,"76_79"
"137",76,80,"exercise","exercise",1,6,6,26,1,6,6,30,"76_80"
"138",76,81,"exercise","exercise",1,6,6,26,1,6,6,31,"76_81"
"139",76,82,"exercise","exercise",1,6,6,26,1,6,6,32,"76_82"
"140",76,83,"exercise","exercise",1,6,6,26,1,6,6,33,"76_83"
"141",77,78,"exercise","exercise",1,6,6,27,1,6,6,28,"77_78"
"142",77,79,"exercise","exercise",1,6,6,27,1,6,6,29,"77_79"
"143",77,80,"exercise","exercise",1,6,6,27,1,6,6,30,"77_80"
"144",77,81,"exercise","exercise",1,6,6,27,1,6,6,31,"77_81"
"145",77,82,"exercise","exercise",1,6,6,27,1,6,6,32,"77_82"
"146",77,83,"exercise","exercise",1,6,6,27,1,6,6,33,"77_83"
"147",78,79,"exercise","exercise",1,6,6,28,1,6,6,29,"78_79"
"148",78,80,"exercise","exercise",1,6,6,28,1,6,6,30,"78_80"
"149",78,81,"exercise","exercise",1,6,6,28,1,6,6,31,"78_81"
"150",78,82,"exercise","exercise",1,6,6,28,1,6,6,32,"78_82"
"151",78,83,"exercise","exercise",1,6,6,28,1,6,6,33,"78_83"
"152",79,80,"exercise","exercise",1,6,6,29,1,6,6,30,"79_80"
"153",79,81,"exercise","exercise",1,6,6,29,1,6,6,31,"79_81"
"154",79,82,"exercise","exercise",1,6,6,29,1,6,6,32,"79_82"
"155",79,83,"exercise","exercise",1,6,6,29,1,6,6,33,"79_83"
"156",80,81,"exercise","exercise",1,6,6,30,1,6,6,31,"80_81"
"157",80,82,"exercise","exercise",1,6,6,30,1,6,6,32,"80_82"
"158",80,83,"exercise","exercise",1,6,6,30,1,6,6,33,"80_83"
"159",81,82,"exercise","exercise",1,6,6,31,1,6,6,32,"81_82"
"160",81,83,"exercise","exercise",1,6,6,31,1,6,6,33,"81_83"
"161",82,83,"exercise","exercise",1,6,6,32,1,6,6,33,"82_83"
"162",84,85,"exercise","exercise",1,7,1,1,1,7,1,2,"84_85"
"163",84,86,"exercise","exercise",1,7,1,1,1,7,1,3,"84_86"
"164",84,87,"exercise","exercise",1,7,1,1,1,7,1,4,"84_87"
"165",84,88,"exercise","exercise",1,7,1,1,1,7,1,5,"84_88"
"166",84,89,"exercise","exercise",1,7,1,1,1,7,1,6,"84_89"
"167",85,86,"exercise","exercise",1,7,1,2,1,7,1,3,"85_86"
"168",85,87,"exercise","exercise",1,7,1,2,1,7,1,4,"85_87"
"169",85,88,"exercise","exercise",1,7,1,2,1,7,1,5,"85_88"
"170",85,89,"exercise","exercise",1,7,1,2,1,7,1,6,"85_89"
"171",86,87,"exercise","exercise",1,7,1,3,1,7,1,4,"86_87"
"172",86,88,"exercise","exercise",1,7,1,3,1,7,1,5,"86_88"
"173",86,89,"exercise","exercise",1,7,1,3,1,7,1,6,"86_89"
"174",87,88,"exercise","exercise",1,7,1,4,1,7,1,5,"87_88"
"175",87,89,"exercise","exercise",1,7,1,4,1,7,1,6,"87_89"
"176",88,89,"exercise","exercise",1,7,1,5,1,7,1,6,"88_89"
"177",90,91,"exercise","exercise",1,7,2,7,1,7,2,8,"90_91"
"178",92,93,"exercise","exercise",1,7,3,9,1,7,3,10,"92_93"
"179",92,94,"exercise","exercise",1,7,3,9,1,7,3,11,"92_94"
"180",93,94,"exercise","exercise",1,7,3,10,1,7,3,11,"93_94"
"181",96,97,"exercise","exercise",1,8,1,1,1,8,1,2,"96_97"
"182",98,99,"exercise","exercise",1,8,2,3,1,8,2,4,"98_99"
"183",98,100,"exercise","exercise",1,8,2,3,1,8,2,5,"98_100"
"184",98,101,"exercise","exercise",1,8,2,3,1,8,2,6,"98_101"
"185",98,102,"exercise","exercise",1,8,2,3,1,8,2,7,"98_102"
"186",99,100,"exercise","exercise",1,8,2,4,1,8,2,5,"99_100"
"187",99,101,"exercise","exercise",1,8,2,4,1,8,2,6,"99_101"
"188",99,102,"exercise","exercise",1,8,2,4,1,8,2,7,"99_102"
"189",100,101,"exercise","exercise",1,8,2,5,1,8,2,6,"100_101"
"190",100,102,"exercise","exercise",1,8,2,5,1,8,2,7,"100_102"
"191",101,102,"exercise","exercise",1,8,2,6,1,8,2,7,"101_102"
"192",103,104,"exercise","exercise",1,8,3,8,1,8,3,9,"103_104"
"193",105,106,"exercise","exercise",1,8,4,10,1,8,4,11,"105_106"
"194",105,107,"exercise","exercise",1,8,4,10,1,8,4,12,"105_107"
"195",105,108,"exercise","exercise",1,8,4,10,1,8,4,13,"105_108"
"196",106,107,"exercise","exercise",1,8,4,11,1,8,4,12,"106_107"
"197",106,108,"exercise","exercise",1,8,4,11,1,8,4,13,"106_108"
"198",107,108,"exercise","exercise",1,8,4,12,1,8,4,13,"107_108"
"199",109,110,"exercise","exercise",2,9,1,1,2,9,1,2,"109_110"
"200",109,111,"exercise","exercise",2,9,1,1,2,9,1,3,"109_111"
"201",109,112,"exercise","exercise",2,9,1,1,2,9,1,4,"109_112"
"202",109,113,"exercise","exercise",2,9,1,1,2,9,1,5,"109_113"
"203",109,114,"exercise","exercise",2,9,1,1,2,9,1,6,"109_114"
"204",109,115,"exercise","exercise",2,9,1,1,2,9,1,7,"109_115"
"205",110,111,"exercise","exercise",2,9,1,2,2,9,1,3,"110_111"
"206",110,112,"exercise","exercise",2,9,1,2,2,9,1,4,"110_112"
"207",110,113,"exercise","exercise",2,9,1,2,2,9,1,5,"110_113"
"208",110,114,"exercise","exercise",2,9,1,2,2,9,1,6,"110_114"
"209",110,115,"exercise","exercise",2,9,1,2,2,9,1,7,"110_115"
"210",111,112,"exercise","exercise",2,9,1,3,2,9,1,4,"111_112"
"211",111,113,"exercise","exercise",2,9,1,3,2,9,1,5,"111_113"
"212",111,114,"exercise","exercise",2,9,1,3,2,9,1,6,"111_114"
"213",111,115,"exercise","exercise",2,9,1,3,2,9,1,7,"111_115"
"214",112,113,"exercise","exercise",2,9,1,4,2,9,1,5,"112_113"
"215",112,114,"exercise","exercise",2,9,1,4,2,9,1,6,"112_114"
"216",112,115,"exercise","exercise",2,9,1,4,2,9,1,7,"112_115"
"217",113,114,"exercise","exercise",2,9,1,5,2,9,1,6,"113_114"
"218",113,115,"exercise","exercise",2,9,1,5,2,9,1,7,"113_115"
"219",114,115,"exercise","exercise",2,9,1,6,2,9,1,7,"114_115"
"220",116,117,"exercise","exercise",2,9,2,8,2,9,2,9,"116_117"
"221",116,118,"exercise","exercise",2,9,2,8,2,9,2,10,"116_118"
"222",116,119,"exercise","exercise",2,9,2,8,2,9,2,11,"116_119"
"223",117,118,"exercise","exercise",2,9,2,9,2,9,2,10,"117_118"
"224",117,119,"exercise","exercise",2,9,2,9,2,9,2,11,"117_119"
"225",118,119,"exercise","exercise",2,9,2,10,2,9,2,11,"118_119"
"226",120,121,"exercise","exercise",2,9,3,12,2,9,3,13,"120_121"
"227",120,122,"exercise","exercise",2,9,3,12,2,9,3,14,"120_122"
"228",120,123,"exercise","exercise",2,9,3,12,2,9,3,15,"120_123"
"229",120,124,"exercise","exercise",2,9,3,12,2,9,3,16,"120_124"
"230",121,122,"exercise","exercise",2,9,3,13,2,9,3,14,"121_122"
"231",121,123,"exercise","exercise",2,9,3,13,2,9,3,15,"121_123"
"232",121,124,"exercise","exercise",2,9,3,13,2,9,3,16,"121_124"
"233",122,123,"exercise","exercise",2,9,3,14,2,9,3,15,"122_123"
"234",122,124,"exercise","exercise",2,9,3,14,2,9,3,16,"122_124"
"235",123,124,"exercise","exercise",2,9,3,15,2,9,3,16,"123_124"
"236",125,126,"exercise","exercise",2,9,4,17,2,9,4,18,"125_126"
"237",125,127,"exercise","exercise",2,9,4,17,2,9,4,19,"125_127"
"238",126,127,"exercise","exercise",2,9,4,18,2,9,4,19,"126_127"
"239",128,129,"exercise","exercise",2,10,1,1,2,10,1,2,"128_129"
"240",128,130,"exercise","exercise",2,10,1,1,2,10,1,3,"128_130"
"241",128,131,"exercise","exercise",2,10,1,1,2,10,1,4,"128_131"
"242",128,132,"exercise","exercise",2,10,1,1,2,10,1,5,"128_132"
"243",128,133,"exercise","exercise",2,10,1,1,2,10,1,6,"128_133"
"244",129,130,"exercise","exercise",2,10,1,2,2,10,1,3,"129_130"
"245",129,131,"exercise","exercise",2,10,1,2,2,10,1,4,"129_131"
"246",129,132,"exercise","exercise",2,10,1,2,2,10,1,5,"129_132"
"247",129,133,"exercise","exercise",2,10,1,2,2,10,1,6,"129_133"
"248",130,131,"exercise","exercise",2,10,1,3,2,10,1,4,"130_131"
"249",130,132,"exercise","exercise",2,10,1,3,2,10,1,5,"130_132"
"250",130,133,"exercise","exercise",2,10,1,3,2,10,1,6,"130_133"
"251",131,132,"exercise","exercise",2,10,1,4,2,10,1,5,"131_132"
"252",131,133,"exercise","exercise",2,10,1,4,2,10,1,6,"131_133"
"253",132,133,"exercise","exercise",2,10,1,5,2,10,1,6,"132_133"
"254",135,136,"exercise","exercise",2,10,3,8,2,10,3,9,"135_136"
"255",135,137,"exercise","exercise",2,10,3,8,2,10,3,10,"135_137"
"256",135,138,"exercise","exercise",2,10,3,8,2,10,3,11,"135_138"
"257",136,137,"exercise","exercise",2,10,3,9,2,10,3,10,"136_137"
"258",136,138,"exercise","exercise",2,10,3,9,2,10,3,11,"136_138"
"259",137,138,"exercise","exercise",2,10,3,10,2,10,3,11,"137_138"
"260",139,140,"exercise","exercise",2,10,4,12,2,10,4,13,"139_140"
"261",141,142,"exercise","exercise",2,11,1,1,2,11,1,2,"141_142"
"262",141,143,"exercise","exercise",2,11,1,1,2,11,1,3,"141_143"
"263",142,143,"exercise","exercise",2,11,1,2,2,11,1,3,"142_143"
"264",144,145,"exercise","exercise",2,11,2,1,2,11,2,2,"144_145"
"265",144,146,"exercise","exercise",2,11,2,1,2,11,2,3,"144_146"
"266",144,147,"exercise","exercise",2,11,2,1,2,11,2,4,"144_147"
"267",144,148,"exercise","exercise",2,11,2,1,2,11,2,5,"144_148"
"268",145,146,"exercise","exercise",2,11,2,2,2,11,2,3,"145_146"
"269",145,147,"exercise","exercise",2,11,2,2,2,11,2,4,"145_147"
"270",145,148,"exercise","exercise",2,11,2,2,2,11,2,5,"145_148"
"271",146,147,"exercise","exercise",2,11,2,3,2,11,2,4,"146_147"
"272",146,148,"exercise","exercise",2,11,2,3,2,11,2,5,"146_148"
"273",147,148,"exercise","exercise",2,11,2,4,2,11,2,5,"147_148"
"274",149,150,"exercise","exercise",3,13,1,1,3,13,1,2,"149_150"
"275",149,151,"exercise","exercise",3,13,1,1,3,13,1,3,"149_151"
"276",149,152,"exercise","exercise",3,13,1,1,3,13,1,4,"149_152"
"277",149,153,"exercise","exercise",3,13,1,1,3,13,1,5,"149_153"
"278",149,154,"exercise","exercise",3,13,1,1,3,13,1,6,"149_154"
"279",150,151,"exercise","exercise",3,13,1,2,3,13,1,3,"150_151"
"280",150,152,"exercise","exercise",3,13,1,2,3,13,1,4,"150_152"
"281",150,153,"exercise","exercise",3,13,1,2,3,13,1,5,"150_153"
"282",150,154,"exercise","exercise",3,13,1,2,3,13,1,6,"150_154"
"283",151,152,"exercise","exercise",3,13,1,3,3,13,1,4,"151_152"
"284",151,153,"exercise","exercise",3,13,1,3,3,13,1,5,"151_153"
"285",151,154,"exercise","exercise",3,13,1,3,3,13,1,6,"151_154"
"286",152,153,"exercise","exercise",3,13,1,4,3,13,1,5,"152_153"
"287",152,154,"exercise","exercise",3,13,1,4,3,13,1,6,"152_154"
"288",153,154,"exercise","exercise",3,13,1,5,3,13,1,6,"153_154"
"289",155,156,"exercise","exercise",3,13,2,1,3,13,2,2,"155_156"
"290",155,157,"exercise","exercise",3,13,2,1,3,13,2,3,"155_157"
"291",155,158,"exercise","exercise",3,13,2,1,3,13,2,4,"155_158"
"292",155,159,"exercise","exercise",3,13,2,1,3,13,2,5,"155_159"
"293",156,157,"exercise","exercise",3,13,2,2,3,13,2,3,"156_157"
"294",156,158,"exercise","exercise",3,13,2,2,3,13,2,4,"156_158"
"295",156,159,"exercise","exercise",3,13,2,2,3,13,2,5,"156_159"
"296",157,158,"exercise","exercise",3,13,2,3,3,13,2,4,"157_158"
"297",157,159,"exercise","exercise",3,13,2,3,3,13,2,5,"157_159"
"298",158,159,"exercise","exercise",3,13,2,4,3,13,2,5,"158_159"
"299",160,161,"exercise","exercise",3,13,3,1,3,13,3,2,"160_161"
"300",160,162,"exercise","exercise",3,13,3,1,3,13,3,3,"160_162"
"301",160,163,"exercise","exercise",3,13,3,1,3,13,3,4,"160_163"
"302",160,164,"exercise","exercise",3,13,3,1,3,13,3,5,"160_164"
"303",160,165,"exercise","exercise",3,13,3,1,3,13,3,6,"160_165"
"304",161,162,"exercise","exercise",3,13,3,2,3,13,3,3,"161_162"
"305",161,163,"exercise","exercise",3,13,3,2,3,13,3,4,"161_163"
"306",161,164,"exercise","exercise",3,13,3,2,3,13,3,5,"161_164"
"307",161,165,"exercise","exercise",3,13,3,2,3,13,3,6,"161_165"
"308",162,163,"exercise","exercise",3,13,3,3,3,13,3,4,"162_163"
"309",162,164,"exercise","exercise",3,13,3,3,3,13,3,5,"162_164"
"310",162,165,"exercise","exercise",3,13,3,3,3,13,3,6,"162_165"
"311",163,164,"exercise","exercise",3,13,3,4,3,13,3,5,"163_164"
"312",163,165,"exercise","exercise",3,13,3,4,3,13,3,6,"163_165"
"313",164,165,"exercise","exercise",3,13,3,5,3,13,3,6,"164_165"
"314",166,167,"exercise","exercise",3,13,4,1,3,13,4,2,"166_167"
"315",168,169,"exercise","exercise",3,13,5,1,3,13,5,2,"168_169"
"316",168,170,"exercise","exercise",3,13,5,1,3,13,5,3,"168_170"
"317",169,170,"exercise","exercise",3,13,5,2,3,13,5,3,"169_170"
"318",171,172,"exercise","exercise",3,13,6,1,3,13,6,2,"171_172"
"319",171,173,"exercise","exercise",3,13,6,1,3,13,6,3,"171_173"
"320",172,173,"exercise","exercise",3,13,6,2,3,13,6,3,"172_173"
"321",174,175,"exercise","exercise",3,14,1,1,3,14,1,2,"174_175"
"322",174,176,"exercise","exercise",3,14,1,1,3,14,1,3,"174_176"
"323",174,177,"exercise","exercise",3,14,1,1,3,14,1,4,"174_177"
"324",174,178,"exercise","exercise",3,14,1,1,3,14,1,5,"174_178"
"325",174,179,"exercise","exercise",3,14,1,1,3,14,1,6,"174_179"
"326",174,180,"exercise","exercise",3,14,1,1,3,14,1,7,"174_180"
"327",175,176,"exercise","exercise",3,14,1,2,3,14,1,3,"175_176"
"328",175,177,"exercise","exercise",3,14,1,2,3,14,1,4,"175_177"
"329",175,178,"exercise","exercise",3,14,1,2,3,14,1,5,"175_178"
"330",175,179,"exercise","exercise",3,14,1,2,3,14,1,6,"175_179"
"331",175,180,"exercise","exercise",3,14,1,2,3,14,1,7,"175_180"
"332",176,177,"exercise","exercise",3,14,1,3,3,14,1,4,"176_177"
"333",176,178,"exercise","exercise",3,14,1,3,3,14,1,5,"176_178"
"334",176,179,"exercise","exercise",3,14,1,3,3,14,1,6,"176_179"
"335",176,180,"exercise","exercise",3,14,1,3,3,14,1,7,"176_180"
"336",177,178,"exercise","exercise",3,14,1,4,3,14,1,5,"177_178"
"337",177,179,"exercise","exercise",3,14,1,4,3,14,1,6,"177_179"
"338",177,180,"exercise","exercise",3,14,1,4,3,14,1,7,"177_180"
"339",178,179,"exercise","exercise",3,14,1,5,3,14,1,6,"178_179"
"340",178,180,"exercise","exercise",3,14,1,5,3,14,1,7,"178_180"
"341",179,180,"exercise","exercise",3,14,1,6,3,14,1,7,"179_180"
"342",181,182,"exercise","exercise",3,14,2,1,3,14,2,2,"181_182"
"343",181,183,"exercise","exercise",3,14,2,1,3,14,2,3,"181_183"
"344",181,184,"exercise","exercise",3,14,2,1,3,14,2,4,"181_184"
"345",182,183,"exercise","exercise",3,14,2,2,3,14,2,3,"182_183"
"346",182,184,"exercise","exercise",3,14,2,2,3,14,2,4,"182_184"
"347",183,184,"exercise","exercise",3,14,2,3,3,14,2,4,"183_184"
"348",186,187,"exercise","exercise",3,15,1,1,3,15,1,2,"186_187"
"349",188,189,"exercise","exercise",3,15,2,1,3,15,2,2,"188_189"
"350",188,190,"exercise","exercise",3,15,2,1,3,15,2,3,"188_190"
"351",189,190,"exercise","exercise",3,15,2,2,3,15,2,3,"189_190"
"352",191,192,"exercise","exercise",3,15,3,1,3,15,3,2,"191_192"
"353",191,193,"exercise","exercise",3,15,3,1,3,15,3,3,"191_193"
"354",191,194,"exercise","exercise",3,15,3,1,3,15,3,4,"191_194"
"355",192,193,"exercise","exercise",3,15,3,2,3,15,3,3,"192_193"
"356",192,194,"exercise","exercise",3,15,3,2,3,15,3,4,"192_194"
"357",193,194,"exercise","exercise",3,15,3,3,3,15,3,4,"193_194"
"358",195,196,"exercise","exercise",3,15,4,1,3,15,4,2,"195_196"
"359",195,197,"exercise","exercise",3,15,4,1,3,15,4,3,"195_197"
"360",196,197,"exercise","exercise",3,15,4,2,3,15,4,3,"196_197"
"361",198,199,"exercise","exercise",3,15,5,1,3,15,5,2,"198_199"
"362",200,201,"exercise","exercise",4,18,1,1,4,18,1,2,"200_201"
"363",200,202,"exercise","exercise",4,18,1,1,4,18,1,3,"200_202"
"364",200,203,"exercise","exercise",4,18,1,1,4,18,1,4,"200_203"
"365",200,204,"exercise","exercise",4,18,1,1,4,18,1,5,"200_204"
"366",201,202,"exercise","exercise",4,18,1,2,4,18,1,3,"201_202"
"367",201,203,"exercise","exercise",4,18,1,2,4,18,1,4,"201_203"
"368",201,204,"exercise","exercise",4,18,1,2,4,18,1,5,"201_204"
"369",202,203,"exercise","exercise",4,18,1,3,4,18,1,4,"202_203"
"370",202,204,"exercise","exercise",4,18,1,3,4,18,1,5,"202_204"
"371",203,204,"exercise","exercise",4,18,1,4,4,18,1,5,"203_204"
"372",205,206,"exercise","exercise",4,18,2,1,4,18,2,2,"205_206"
"373",205,207,"exercise","exercise",4,18,2,1,4,18,2,3,"205_207"
"374",205,208,"exercise","exercise",4,18,2,1,4,18,2,4,"205_208"
"375",205,209,"exercise","exercise",4,18,2,1,4,18,2,5,"205_209"
"376",205,210,"exercise","exercise",4,18,2,1,4,18,2,6,"205_210"
"377",206,207,"exercise","exercise",4,18,2,2,4,18,2,3,"206_207"
"378",206,208,"exercise","exercise",4,18,2,2,4,18,2,4,"206_208"
"379",206,209,"exercise","exercise",4,18,2,2,4,18,2,5,"206_209"
"380",206,210,"exercise","exercise",4,18,2,2,4,18,2,6,"206_210"
"381",207,208,"exercise","exercise",4,18,2,3,4,18,2,4,"207_208"
"382",207,209,"exercise","exercise",4,18,2,3,4,18,2,5,"207_209"
"383",207,210,"exercise","exercise",4,18,2,3,4,18,2,6,"207_210"
"384",208,209,"exercise","exercise",4,18,2,4,4,18,2,5,"208_209"
"385",208,210,"exercise","exercise",4,18,2,4,4,18,2,6,"208_210"
"386",209,210,"exercise","exercise",4,18,2,5,4,18,2,6,"209_210"
"387",211,212,"exercise","exercise",4,18,3,1,4,18,3,2,"211_212"
"388",211,213,"exercise","exercise",4,18,3,1,4,18,3,3,"211_213"
"389",211,214,"exercise","exercise",4,18,3,1,4,18,3,4,"211_214"
"390",211,215,"exercise","exercise",4,18,3,1,4,18,3,5,"211_215"
"391",211,216,"exercise","exercise",4,18,3,1,4,18,3,6,"211_216"
"392",211,217,"exercise","exercise",4,18,3,1,4,18,3,7,"211_217"
"393",211,218,"exercise","exercise",4,18,3,1,4,18,3,8,"211_218"
"394",211,219,"exercise","exercise",4,18,3,1,4,18,3,9,"211_219"
"395",211,220,"exercise","exercise",4,18,3,1,4,18,3,10,"211_220"
"396",212,213,"exercise","exercise",4,18,3,2,4,18,3,3,"212_213"
"397",212,214,"exercise","exercise",4,18,3,2,4,18,3,4,"212_214"
"398",212,215,"exercise","exercise",4,18,3,2,4,18,3,5,"212_215"
"399",212,216,"exercise","exercise",4,18,3,2,4,18,3,6,"212_216"
"400",212,217,"exercise","exercise",4,18,3,2,4,18,3,7,"212_217"
"401",212,218,"exercise","exercise",4,18,3,2,4,18,3,8,"212_218"
"402",212,219,"exercise","exercise",4,18,3,2,4,18,3,9,"212_219"
"403",212,220,"exercise","exercise",4,18,3,2,4,18,3,10,"212_220"
"404",213,214,"exercise","exercise",4,18,3,3,4,18,3,4,"213_214"
"405",213,215,"exercise","exercise",4,18,3,3,4,18,3,5,"213_215"
"406",213,216,"exercise","exercise",4,18,3,3,4,18,3,6,"213_216"
"407",213,217,"exercise","exercise",4,18,3,3,4,18,3,7,"213_217"
"408",213,218,"exercise","exercise",4,18,3,3,4,18,3,8,"213_218"
"409",213,219,"exercise","exercise",4,18,3,3,4,18,3,9,"213_219"
"410",213,220,"exercise","exercise",4,18,3,3,4,18,3,10,"213_220"
"411",214,215,"exercise","exercise",4,18,3,4,4,18,3,5,"214_215"
"412",214,216,"exercise","exercise",4,18,3,4,4,18,3,6,"214_216"
"413",214,217,"exercise","exercise",4,18,3,4,4,18,3,7,"214_217"
"414",214,218,"exercise","exercise",4,18,3,4,4,18,3,8,"214_218"
"415",214,219,"exercise","exercise",4,18,3,4,4,18,3,9,"214_219"
"416",214,220,"exercise","exercise",4,18,3,4,4,18,3,10,"214_220"
"417",215,216,"exercise","exercise",4,18,3,5,4,18,3,6,"215_216"
"418",215,217,"exercise","exercise",4,18,3,5,4,18,3,7,"215_217"
"419",215,218,"exercise","exercise",4,18,3,5,4,18,3,8,"215_218"
"420",215,219,"exercise","exercise",4,18,3,5,4,18,3,9,"215_219"
"421",215,220,"exercise","exercise",4,18,3,5,4,18,3,10,"215_220"
"422",216,217,"exercise","exercise",4,18,3,6,4,18,3,7,"216_217"
"423",216,218,"exercise","exercise",4,18,3,6,4,18,3,8,"216_218"
"424",216,219,"exercise","exercise",4,18,3,6,4,18,3,9,"216_219"
"425",216,220,"exercise","exercise",4,18,3,6,4,18,3,10,"216_220"
"426",217,218,"exercise","exercise",4,18,3,7,4,18,3,8,"217_218"
"427",217,219,"exercise","exercise",4,18,3,7,4,18,3,9,"217_219"
"428",217,220,"exercise","exercise",4,18,3,7,4,18,3,10,"217_220"
"429",218,219,"exercise","exercise",4,18,3,8,4,18,3,9,"218_219"
"430",218,220,"exercise","exercise",4,18,3,8,4,18,3,10,"218_220"
"431",219,220,"exercise","exercise",4,18,3,9,4,18,3,10,"219_220"
"432",221,222,"exercise","exercise",4,18,4,1,4,18,4,2,"221_222"
"433",221,223,"exercise","exercise",4,18,4,1,4,18,4,3,"221_223"
"434",221,224,"exercise","exercise",4,18,4,1,4,18,4,4,"221_224"
"435",222,223,"exercise","exercise",4,18,4,2,4,18,4,3,"222_223"
"436",222,224,"exercise","exercise",4,18,4,2,4,18,4,4,"222_224"
"437",223,224,"exercise","exercise",4,18,4,3,4,18,4,4,"223_224"
"438",225,226,"exercise","exercise",4,19,1,1,4,19,1,2,"225_226"
"439",227,228,"exercise","exercise",4,19,2,1,4,19,2,2,"227_228"
"440",227,229,"exercise","exercise",4,19,2,1,4,19,2,3,"227_229"
"441",227,230,"exercise","exercise",4,19,2,1,4,19,2,4,"227_230"
"442",227,231,"exercise","exercise",4,19,2,1,4,19,2,5,"227_231"
"443",227,232,"exercise","exercise",4,19,2,1,4,19,2,6,"227_232"
"444",228,229,"exercise","exercise",4,19,2,2,4,19,2,3,"228_229"
"445",228,230,"exercise","exercise",4,19,2,2,4,19,2,4,"228_230"
"446",228,231,"exercise","exercise",4,19,2,2,4,19,2,5,"228_231"
"447",228,232,"exercise","exercise",4,19,2,2,4,19,2,6,"228_232"
"448",229,230,"exercise","exercise",4,19,2,3,4,19,2,4,"229_230"
"449",229,231,"exercise","exercise",4,19,2,3,4,19,2,5,"229_231"
"450",229,232,"exercise","exercise",4,19,2,3,4,19,2,6,"229_232"
"451",230,231,"exercise","exercise",4,19,2,4,4,19,2,5,"230_231"
"452",230,232,"exercise","exercise",4,19,2,4,4,19,2,6,"230_232"
"453",231,232,"exercise","exercise",4,19,2,5,4,19,2,6,"231_232"
"454",233,234,"exercise","exercise",4,19,3,1,4,19,3,2,"233_234"
"455",235,236,"exercise","exercise",4,19,4,1,4,19,4,2,"235_236"
"456",235,237,"exercise","exercise",4,19,4,1,4,19,4,3,"235_237"
"457",236,237,"exercise","exercise",4,19,4,2,4,19,4,3,"236_237"
"458",238,239,"exercise","exercise",4,19,5,1,4,19,5,2,"238_239"
"459",238,240,"exercise","exercise",4,19,5,1,4,19,5,3,"238_240"
"460",239,240,"exercise","exercise",4,19,5,2,4,19,5,3,"239_240"
"461",241,242,"exercise","exercise",4,20,1,1,4,20,1,2,"241_242"
"462",241,243,"exercise","exercise",4,20,1,1,4,20,1,3,"241_243"
"463",241,244,"exercise","exercise",4,20,1,1,4,20,1,4,"241_244"
"464",241,245,"exercise","exercise",4,20,1,1,4,20,1,5,"241_245"
"465",242,243,"exercise","exercise",4,20,1,2,4,20,1,3,"242_243"
"466",242,244,"exercise","exercise",4,20,1,2,4,20,1,4,"242_244"
"467",242,245,"exercise","exercise",4,20,1,2,4,20,1,5,"242_245"
"468",243,244,"exercise","exercise",4,20,1,3,4,20,1,4,"243_244"
"469",243,245,"exercise","exercise",4,20,1,3,4,20,1,5,"243_245"
"470",244,245,"exercise","exercise",4,20,1,4,4,20,1,5,"244_245"
"471",246,247,"exercise","exercise",4,20,2,1,4,20,2,2,"246_247"
"472",248,249,"exercise","exercise",4,20,3,1,4,20,3,2,"248_249"
"473",248,250,"exercise","exercise",4,20,3,1,4,20,3,2,"248_250"
"474",249,250,"exercise","exercise",4,20,3,2,4,20,3,2,"249_250"
"475",252,253,"exercise","exercise",4,20,5,1,4,20,5,2,"252_253"
"476",252,254,"exercise","exercise",4,20,5,1,4,20,5,3,"252_254"
"477",253,254,"exercise","exercise",4,20,5,2,4,20,5,3,"253_254"
"478",255,256,"exercise","exercise",4,21,1,1,4,21,1,2,"255_256"
"479",255,257,"exercise","exercise",4,21,1,1,4,21,1,3,"255_257"
"480",255,258,"exercise","exercise",4,21,1,1,4,21,1,4,"255_258"
"481",256,257,"exercise","exercise",4,21,1,2,4,21,1,3,"256_257"
"482",256,258,"exercise","exercise",4,21,1,2,4,21,1,4,"256_258"
"483",257,258,"exercise","exercise",4,21,1,3,4,21,1,4,"257_258"
"484",262,263,"exercise","exercise",5,23,2,1,5,23,2,2,"262_263"
"485",264,265,"exercise","exercise",5,24,1,1,5,24,1,2,"264_265"
"486",264,266,"exercise","exercise",5,24,1,1,5,24,1,3,"264_266"
"487",264,267,"exercise","exercise",5,24,1,1,5,24,1,4,"264_267"
"488",264,268,"exercise","exercise",5,24,1,1,5,24,1,5,"264_268"
"489",265,266,"exercise","exercise",5,24,1,2,5,24,1,3,"265_266"
"490",265,267,"exercise","exercise",5,24,1,2,5,24,1,4,"265_267"
"491",265,268,"exercise","exercise",5,24,1,2,5,24,1,5,"265_268"
"492",266,267,"exercise","exercise",5,24,1,3,5,24,1,4,"266_267"
"493",266,268,"exercise","exercise",5,24,1,3,5,24,1,5,"266_268"
"494",267,268,"exercise","exercise",5,24,1,4,5,24,1,5,"267_268"
"495",269,270,"exercise","exercise",5,24,2,3,5,24,2,4,"269_270"
"496",269,271,"exercise","exercise",5,24,2,3,5,24,2,5,"269_271"
"497",270,271,"exercise","exercise",5,24,2,4,5,24,2,5,"270_271"
"498",272,273,"exercise","exercise",5,24,3,1,5,24,3,2,"272_273"
"499",272,274,"exercise","exercise",5,24,3,1,5,24,3,3,"272_274"
"500",273,274,"exercise","exercise",5,24,3,2,5,24,3,3,"273_274"
"501",275,276,"exercise","exercise",5,25,1,1,5,25,1,2,"275_276"
"502",277,278,"exercise","exercise",5,25,2,1,5,25,2,2,"277_278"
"503",279,280,"exercise","exercise",5,25,3,1,5,25,3,2,"279_280"
"504",279,281,"exercise","exercise",5,25,3,1,5,25,3,3,"279_281"
"505",279,282,"exercise","exercise",5,25,3,1,5,25,3,4,"279_282"
"506",279,283,"exercise","exercise",5,25,3,1,5,25,3,5,"279_283"
"507",279,284,"exercise","exercise",5,25,3,1,5,25,3,6,"279_284"
"508",280,281,"exercise","exercise",5,25,3,2,5,25,3,3,"280_281"
"509",280,282,"exercise","exercise",5,25,3,2,5,25,3,4,"280_282"
"510",280,283,"exercise","exercise",5,25,3,2,5,25,3,5,"280_283"
"511",280,284,"exercise","exercise",5,25,3,2,5,25,3,6,"280_284"
"512",281,282,"exercise","exercise",5,25,3,3,5,25,3,4,"281_282"
"513",281,283,"exercise","exercise",5,25,3,3,5,25,3,5,"281_283"
"514",281,284,"exercise","exercise",5,25,3,3,5,25,3,6,"281_284"
"515",282,283,"exercise","exercise",5,25,3,4,5,25,3,5,"282_283"
"516",282,284,"exercise","exercise",5,25,3,4,5,25,3,6,"282_284"
"517",283,284,"exercise","exercise",5,25,3,5,5,25,3,6,"283_284"
"518",285,286,"part","part",1,NA,NA,NA,2,NA,NA,NA,"285_286"
"519",285,287,"part","part",1,NA,NA,NA,3,NA,NA,NA,"285_287"
"520",285,288,"part","part",1,NA,NA,NA,4,NA,NA,NA,"285_288"
"521",285,289,"part","part",1,NA,NA,NA,5,NA,NA,NA,"285_289"
"522",285,290,"part","chapter",1,NA,NA,NA,1,2,NA,NA,"285_290"
"523",285,291,"part","chapter",1,NA,NA,NA,1,3,NA,NA,"285_291"
"524",285,292,"part","chapter",1,NA,NA,NA,1,4,NA,NA,"285_292"
"525",285,293,"part","chapter",1,NA,NA,NA,1,5,NA,NA,"285_293"
"526",285,294,"part","chapter",1,NA,NA,NA,1,6,NA,NA,"285_294"
"527",285,295,"part","chapter",1,NA,NA,NA,1,7,NA,NA,"285_295"
"528",285,296,"part","chapter",1,NA,NA,NA,1,8,NA,NA,"285_296"
"529",286,287,"part","part",2,NA,NA,NA,3,NA,NA,NA,"286_287"
"530",286,288,"part","part",2,NA,NA,NA,4,NA,NA,NA,"286_288"
"531",286,289,"part","part",2,NA,NA,NA,5,NA,NA,NA,"286_289"
"532",286,297,"part","chapter",2,NA,NA,NA,2,9,NA,NA,"286_297"
"533",286,298,"part","chapter",2,NA,NA,NA,2,10,NA,NA,"286_298"
"534",286,299,"part","chapter",2,NA,NA,NA,2,11,NA,NA,"286_299"
"535",287,288,"part","part",3,NA,NA,NA,4,NA,NA,NA,"287_288"
"536",287,289,"part","part",3,NA,NA,NA,5,NA,NA,NA,"287_289"
"537",287,300,"part","chapter",3,NA,NA,NA,3,13,NA,NA,"287_300"
"538",287,301,"part","chapter",3,NA,NA,NA,3,14,NA,NA,"287_301"
"539",287,302,"part","chapter",3,NA,NA,NA,3,15,NA,NA,"287_302"
"540",288,289,"part","part",4,NA,NA,NA,5,NA,NA,NA,"288_289"
"541",288,303,"part","chapter",4,NA,NA,NA,4,18,NA,NA,"288_303"
"542",288,304,"part","chapter",4,NA,NA,NA,4,19,NA,NA,"288_304"
"543",288,305,"part","chapter",4,NA,NA,NA,4,20,NA,NA,"288_305"
"544",288,306,"part","chapter",4,NA,NA,NA,4,21,NA,NA,"288_306"
"545",289,307,"part","chapter",5,NA,NA,NA,5,23,NA,NA,"289_307"
"546",289,308,"part","chapter",5,NA,NA,NA,5,24,NA,NA,"289_308"
"547",289,309,"part","chapter",5,NA,NA,NA,5,25,NA,NA,"289_309"
"548",290,291,"chapter","chapter",1,2,NA,NA,1,3,NA,NA,"290_291"
"549",290,292,"chapter","chapter",1,2,NA,NA,1,4,NA,NA,"290_292"
"550",290,293,"chapter","chapter",1,2,NA,NA,1,5,NA,NA,"290_293"
"551",290,294,"chapter","chapter",1,2,NA,NA,1,6,NA,NA,"290_294"
"552",290,295,"chapter","chapter",1,2,NA,NA,1,7,NA,NA,"290_295"
"553",290,296,"chapter","chapter",1,2,NA,NA,1,8,NA,NA,"290_296"
"554",290,310,"chapter","subchapter",1,2,NA,NA,1,2,1,NA,"290_310"
"555",290,311,"chapter","subchapter",1,2,NA,NA,1,2,2,NA,"290_311"
"556",290,312,"chapter","subchapter",1,2,NA,NA,1,2,3,NA,"290_312"
"557",290,313,"chapter","subchapter",1,2,NA,NA,1,2,4,NA,"290_313"
"558",291,292,"chapter","chapter",1,3,NA,NA,1,4,NA,NA,"291_292"
"559",291,293,"chapter","chapter",1,3,NA,NA,1,5,NA,NA,"291_293"
"560",291,294,"chapter","chapter",1,3,NA,NA,1,6,NA,NA,"291_294"
"561",291,295,"chapter","chapter",1,3,NA,NA,1,7,NA,NA,"291_295"
"562",291,296,"chapter","chapter",1,3,NA,NA,1,8,NA,NA,"291_296"
"563",291,314,"chapter","subchapter",1,3,NA,NA,1,3,1,NA,"291_314"
"564",291,315,"chapter","subchapter",1,3,NA,NA,1,3,2,NA,"291_315"
"565",291,316,"chapter","subchapter",1,3,NA,NA,1,3,3,NA,"291_316"
"566",291,317,"chapter","subchapter",1,3,NA,NA,1,3,4,NA,"291_317"
"567",291,318,"chapter","subchapter",1,3,NA,NA,1,3,5,NA,"291_318"
"568",292,293,"chapter","chapter",1,4,NA,NA,1,5,NA,NA,"292_293"
"569",292,294,"chapter","chapter",1,4,NA,NA,1,6,NA,NA,"292_294"
"570",292,295,"chapter","chapter",1,4,NA,NA,1,7,NA,NA,"292_295"
"571",292,296,"chapter","chapter",1,4,NA,NA,1,8,NA,NA,"292_296"
"572",292,319,"chapter","subchapter",1,4,NA,NA,1,4,1,NA,"292_319"
"573",292,320,"chapter","subchapter",1,4,NA,NA,1,4,2,NA,"292_320"
"574",292,321,"chapter","subchapter",1,4,NA,NA,1,4,3,NA,"292_321"
"575",293,294,"chapter","chapter",1,5,NA,NA,1,6,NA,NA,"293_294"
"576",293,295,"chapter","chapter",1,5,NA,NA,1,7,NA,NA,"293_295"
"577",293,296,"chapter","chapter",1,5,NA,NA,1,8,NA,NA,"293_296"
"578",293,322,"chapter","subchapter",1,5,NA,NA,1,5,1,NA,"293_322"
"579",293,323,"chapter","subchapter",1,5,NA,NA,1,5,2,NA,"293_323"
"580",294,295,"chapter","chapter",1,6,NA,NA,1,7,NA,NA,"294_295"
"581",294,296,"chapter","chapter",1,6,NA,NA,1,8,NA,NA,"294_296"
"582",294,324,"chapter","subchapter",1,6,NA,NA,1,6,1,NA,"294_324"
"583",294,325,"chapter","subchapter",1,6,NA,NA,1,6,2,NA,"294_325"
"584",294,326,"chapter","subchapter",1,6,NA,NA,1,6,3,NA,"294_326"
"585",294,327,"chapter","subchapter",1,6,NA,NA,1,6,4,NA,"294_327"
"586",294,328,"chapter","subchapter",1,6,NA,NA,1,6,5,NA,"294_328"
"587",294,329,"chapter","subchapter",1,6,NA,NA,1,6,6,NA,"294_329"
"588",295,296,"chapter","chapter",1,7,NA,NA,1,8,NA,NA,"295_296"
"589",295,330,"chapter","subchapter",1,7,NA,NA,1,7,1,NA,"295_330"
"590",295,331,"chapter","subchapter",1,7,NA,NA,1,7,2,NA,"295_331"
"591",295,332,"chapter","subchapter",1,7,NA,NA,1,7,3,NA,"295_332"
"592",295,333,"chapter","subchapter",1,7,NA,NA,1,7,4,NA,"295_333"
"593",296,334,"chapter","subchapter",1,8,NA,NA,1,8,1,NA,"296_334"
"594",296,335,"chapter","subchapter",1,8,NA,NA,1,8,2,NA,"296_335"
"595",296,336,"chapter","subchapter",1,8,NA,NA,1,8,3,NA,"296_336"
"596",296,337,"chapter","subchapter",1,8,NA,NA,1,8,4,NA,"296_337"
"597",297,298,"chapter","chapter",2,9,NA,NA,2,10,NA,NA,"297_298"
"598",297,299,"chapter","chapter",2,9,NA,NA,2,11,NA,NA,"297_299"
"599",297,338,"chapter","subchapter",2,9,NA,NA,2,9,1,NA,"297_338"
"600",297,339,"chapter","subchapter",2,9,NA,NA,2,9,2,NA,"297_339"
"601",297,340,"chapter","subchapter",2,9,NA,NA,2,9,3,NA,"297_340"
"602",297,341,"chapter","subchapter",2,9,NA,NA,2,9,4,NA,"297_341"
"603",298,299,"chapter","chapter",2,10,NA,NA,2,11,NA,NA,"298_299"
"604",298,342,"chapter","subchapter",2,10,NA,NA,2,10,1,NA,"298_342"
"605",298,343,"chapter","subchapter",2,10,NA,NA,2,10,2,NA,"298_343"
"606",298,344,"chapter","subchapter",2,10,NA,NA,2,10,3,NA,"298_344"
"607",298,345,"chapter","subchapter",2,10,NA,NA,2,10,4,NA,"298_345"
"608",299,346,"chapter","subchapter",2,11,NA,NA,2,11,1,NA,"299_346"
"609",299,347,"chapter","subchapter",2,11,NA,NA,2,11,2,NA,"299_347"
"610",300,301,"chapter","chapter",3,13,NA,NA,3,14,NA,NA,"300_301"
"611",300,302,"chapter","chapter",3,13,NA,NA,3,15,NA,NA,"300_302"
"612",300,348,"chapter","subchapter",3,13,NA,NA,3,13,1,NA,"300_348"
"613",300,349,"chapter","subchapter",3,13,NA,NA,3,13,2,NA,"300_349"
"614",300,350,"chapter","subchapter",3,13,NA,NA,3,13,3,NA,"300_350"
"615",300,351,"chapter","subchapter",3,13,NA,NA,3,13,4,NA,"300_351"
"616",300,352,"chapter","subchapter",3,13,NA,NA,3,13,5,NA,"300_352"
"617",300,353,"chapter","subchapter",3,13,NA,NA,3,13,6,NA,"300_353"
"618",301,302,"chapter","chapter",3,14,NA,NA,3,15,NA,NA,"301_302"
"619",301,354,"chapter","subchapter",3,14,NA,NA,3,14,1,NA,"301_354"
"620",301,355,"chapter","subchapter",3,14,NA,NA,3,14,2,NA,"301_355"
"621",301,356,"chapter","subchapter",3,14,NA,NA,3,14,3,NA,"301_356"
"622",302,357,"chapter","subchapter",3,15,NA,NA,3,15,1,NA,"302_357"
"623",302,358,"chapter","subchapter",3,15,NA,NA,3,15,2,NA,"302_358"
"624",302,359,"chapter","subchapter",3,15,NA,NA,3,15,3,NA,"302_359"
"625",302,360,"chapter","subchapter",3,15,NA,NA,3,15,4,NA,"302_360"
"626",302,361,"chapter","subchapter",3,15,NA,NA,3,15,5,NA,"302_361"
"627",303,304,"chapter","chapter",4,18,NA,NA,4,19,NA,NA,"303_304"
"628",303,305,"chapter","chapter",4,18,NA,NA,4,20,NA,NA,"303_305"
"629",303,306,"chapter","chapter",4,18,NA,NA,4,21,NA,NA,"303_306"
"630",303,362,"chapter","subchapter",4,18,NA,NA,4,18,1,NA,"303_362"
"631",303,363,"chapter","subchapter",4,18,NA,NA,4,18,2,NA,"303_363"
"632",303,364,"chapter","subchapter",4,18,NA,NA,4,18,3,NA,"303_364"
"633",303,365,"chapter","subchapter",4,18,NA,NA,4,18,4,NA,"303_365"
"634",304,305,"chapter","chapter",4,19,NA,NA,4,20,NA,NA,"304_305"
"635",304,306,"chapter","chapter",4,19,NA,NA,4,21,NA,NA,"304_306"
"636",304,366,"chapter","subchapter",4,19,NA,NA,4,19,1,NA,"304_366"
"637",304,367,"chapter","subchapter",4,19,NA,NA,4,19,2,NA,"304_367"
"638",304,368,"chapter","subchapter",4,19,NA,NA,4,19,3,NA,"304_368"
"639",304,369,"chapter","subchapter",4,19,NA,NA,4,19,4,NA,"304_369"
"640",304,370,"chapter","subchapter",4,19,NA,NA,4,19,5,NA,"304_370"
"641",305,306,"chapter","chapter",4,20,NA,NA,4,21,NA,NA,"305_306"
"642",305,371,"chapter","subchapter",4,20,NA,NA,4,20,1,NA,"305_371"
"643",305,372,"chapter","subchapter",4,20,NA,NA,4,20,2,NA,"305_372"
"644",305,373,"chapter","subchapter",4,20,NA,NA,4,20,3,NA,"305_373"
"645",305,374,"chapter","subchapter",4,20,NA,NA,4,20,4,NA,"305_374"
"646",305,375,"chapter","subchapter",4,20,NA,NA,4,20,5,NA,"305_375"
"647",306,376,"chapter","subchapter",4,21,NA,NA,4,21,1,NA,"306_376"
"648",306,377,"chapter","subchapter",4,21,NA,NA,4,21,2,NA,"306_377"
"649",306,378,"chapter","subchapter",4,21,NA,NA,4,21,3,NA,"306_378"
"650",307,308,"chapter","chapter",5,23,NA,NA,5,24,NA,NA,"307_308"
"651",307,309,"chapter","chapter",5,23,NA,NA,5,25,NA,NA,"307_309"
"652",307,379,"chapter","subchapter",5,23,NA,NA,5,23,1,NA,"307_379"
"653",307,380,"chapter","subchapter",5,23,NA,NA,5,23,2,NA,"307_380"
"654",308,309,"chapter","chapter",5,24,NA,NA,5,25,NA,NA,"308_309"
"655",308,381,"chapter","subchapter",5,24,NA,NA,5,24,1,NA,"308_381"
"656",308,382,"chapter","subchapter",5,24,NA,NA,5,24,2,NA,"308_382"
"657",308,383,"chapter","subchapter",5,24,NA,NA,5,24,3,NA,"308_383"
"658",309,384,"chapter","subchapter",5,25,NA,NA,5,25,1,NA,"309_384"
"659",309,385,"chapter","subchapter",5,25,NA,NA,5,25,2,NA,"309_385"
"660",309,386,"chapter","subchapter",5,25,NA,NA,5,25,3,NA,"309_386"
"661",310,1,"subchapter","exercise",1,2,1,NA,1,2,1,1,"1_310"
"662",310,2,"subchapter","exercise",1,2,1,NA,1,2,1,2,"2_310"
"663",310,3,"subchapter","exercise",1,2,1,NA,1,2,1,3,"3_310"
"664",310,4,"subchapter","exercise",1,2,1,NA,1,2,1,4,"4_310"
"665",310,5,"subchapter","exercise",1,2,1,NA,1,2,1,5,"5_310"
"666",310,311,"subchapter","subchapter",1,2,1,NA,1,2,2,NA,"310_311"
"667",310,312,"subchapter","subchapter",1,2,1,NA,1,2,3,NA,"310_312"
"668",310,313,"subchapter","subchapter",1,2,1,NA,1,2,4,NA,"310_313"
"669",311,6,"subchapter","exercise",1,2,2,NA,1,2,2,1,"6_311"
"670",311,7,"subchapter","exercise",1,2,2,NA,1,2,2,2,"7_311"
"671",311,8,"subchapter","exercise",1,2,2,NA,1,2,2,3,"8_311"
"672",311,9,"subchapter","exercise",1,2,2,NA,1,2,2,4,"9_311"
"673",311,312,"subchapter","subchapter",1,2,2,NA,1,2,3,NA,"311_312"
"674",311,313,"subchapter","subchapter",1,2,2,NA,1,2,4,NA,"311_313"
"675",312,10,"subchapter","exercise",1,2,3,NA,1,2,3,1,"10_312"
"676",312,11,"subchapter","exercise",1,2,3,NA,1,2,3,2,"11_312"
"677",312,12,"subchapter","exercise",1,2,3,NA,1,2,3,3,"12_312"
"678",312,313,"subchapter","subchapter",1,2,3,NA,1,2,4,NA,"312_313"
"679",313,13,"subchapter","exercise",1,2,4,NA,1,2,4,1,"13_313"
"680",313,14,"subchapter","exercise",1,2,4,NA,1,2,4,2,"14_313"
"681",313,15,"subchapter","exercise",1,2,4,NA,1,2,4,3,"15_313"
"682",314,16,"subchapter","exercise",1,3,1,NA,1,3,1,1,"16_314"
"683",314,17,"subchapter","exercise",1,3,1,NA,1,3,1,2,"17_314"
"684",314,18,"subchapter","exercise",1,3,1,NA,1,3,1,3,"18_314"
"685",314,19,"subchapter","exercise",1,3,1,NA,1,3,1,4,"19_314"
"686",314,20,"subchapter","exercise",1,3,1,NA,1,3,1,5,"20_314"
"687",314,315,"subchapter","subchapter",1,3,1,NA,1,3,2,NA,"314_315"
"688",314,316,"subchapter","subchapter",1,3,1,NA,1,3,3,NA,"314_316"
"689",314,317,"subchapter","subchapter",1,3,1,NA,1,3,4,NA,"314_317"
"690",314,318,"subchapter","subchapter",1,3,1,NA,1,3,5,NA,"314_318"
"691",315,21,"subchapter","exercise",1,3,2,NA,1,3,2,6,"21_315"
"692",315,22,"subchapter","exercise",1,3,2,NA,1,3,2,7,"22_315"
"693",315,23,"subchapter","exercise",1,3,2,NA,1,3,2,8,"23_315"
"694",315,24,"subchapter","exercise",1,3,2,NA,1,3,2,9,"24_315"
"695",315,316,"subchapter","subchapter",1,3,2,NA,1,3,3,NA,"315_316"
"696",315,317,"subchapter","subchapter",1,3,2,NA,1,3,4,NA,"315_317"
"697",315,318,"subchapter","subchapter",1,3,2,NA,1,3,5,NA,"315_318"
"698",316,25,"subchapter","exercise",1,3,3,NA,1,3,3,10,"25_316"
"699",316,26,"subchapter","exercise",1,3,3,NA,1,3,3,11,"26_316"
"700",316,27,"subchapter","exercise",1,3,3,NA,1,3,3,12,"27_316"
"701",316,317,"subchapter","subchapter",1,3,3,NA,1,3,4,NA,"316_317"
"702",316,318,"subchapter","subchapter",1,3,3,NA,1,3,5,NA,"316_318"
"703",317,28,"subchapter","exercise",1,3,4,NA,1,3,4,13,"28_317"
"704",317,29,"subchapter","exercise",1,3,4,NA,1,3,4,14,"29_317"
"705",317,30,"subchapter","exercise",1,3,4,NA,1,3,4,15,"30_317"
"706",317,318,"subchapter","subchapter",1,3,4,NA,1,3,5,NA,"317_318"
"707",318,31,"subchapter","exercise",1,3,5,NA,1,3,5,16,"31_318"
"708",318,32,"subchapter","exercise",1,3,5,NA,1,3,5,17,"32_318"
"709",318,33,"subchapter","exercise",1,3,5,NA,1,3,5,18,"33_318"
"710",318,34,"subchapter","exercise",1,3,5,NA,1,3,5,19,"34_318"
"711",319,35,"subchapter","exercise",1,4,1,NA,1,4,1,1,"35_319"
"712",319,36,"subchapter","exercise",1,4,1,NA,1,4,1,2,"36_319"
"713",319,37,"subchapter","exercise",1,4,1,NA,1,4,1,3,"37_319"
"714",319,38,"subchapter","exercise",1,4,1,NA,1,4,1,4,"38_319"
"715",319,39,"subchapter","exercise",1,4,1,NA,1,4,1,5,"39_319"
"716",319,40,"subchapter","exercise",1,4,1,NA,1,4,1,6,"40_319"
"717",319,320,"subchapter","subchapter",1,4,1,NA,1,4,2,NA,"319_320"
"718",319,321,"subchapter","subchapter",1,4,1,NA,1,4,3,NA,"319_321"
"719",320,41,"subchapter","exercise",1,4,2,NA,1,4,2,7,"41_320"
"720",320,42,"subchapter","exercise",1,4,2,NA,1,4,2,8,"42_320"
"721",320,321,"subchapter","subchapter",1,4,2,NA,1,4,3,NA,"320_321"
"722",321,43,"subchapter","exercise",1,4,3,NA,1,4,3,9,"43_321"
"723",321,44,"subchapter","exercise",1,4,3,NA,1,4,3,10,"44_321"
"724",321,45,"subchapter","exercise",1,4,3,NA,1,4,3,11,"45_321"
"725",322,46,"subchapter","exercise",1,5,1,NA,1,5,1,1,"46_322"
"726",322,47,"subchapter","exercise",1,5,1,NA,1,5,1,2,"47_322"
"727",322,323,"subchapter","subchapter",1,5,1,NA,1,5,2,NA,"322_323"
"728",323,48,"subchapter","exercise",1,5,2,NA,1,5,2,3,"48_323"
"729",323,49,"subchapter","exercise",1,5,2,NA,1,5,2,4,"49_323"
"730",323,50,"subchapter","exercise",1,5,2,NA,1,5,2,5,"50_323"
"731",324,51,"subchapter","exercise",1,6,1,NA,1,6,1,1,"51_324"
"732",324,52,"subchapter","exercise",1,6,1,NA,1,6,1,2,"52_324"
"733",324,53,"subchapter","exercise",1,6,1,NA,1,6,1,3,"53_324"
"734",324,54,"subchapter","exercise",1,6,1,NA,1,6,1,4,"54_324"
"735",324,55,"subchapter","exercise",1,6,1,NA,1,6,1,5,"55_324"
"736",324,56,"subchapter","exercise",1,6,1,NA,1,6,1,6,"56_324"
"737",324,57,"subchapter","exercise",1,6,1,NA,1,6,1,7,"57_324"
"738",324,325,"subchapter","subchapter",1,6,1,NA,1,6,2,NA,"324_325"
"739",324,326,"subchapter","subchapter",1,6,1,NA,1,6,3,NA,"324_326"
"740",324,327,"subchapter","subchapter",1,6,1,NA,1,6,4,NA,"324_327"
"741",324,328,"subchapter","subchapter",1,6,1,NA,1,6,5,NA,"324_328"
"742",324,329,"subchapter","subchapter",1,6,1,NA,1,6,6,NA,"324_329"
"743",325,58,"subchapter","exercise",1,6,2,NA,1,6,2,8,"58_325"
"744",325,59,"subchapter","exercise",1,6,2,NA,1,6,2,9,"59_325"
"745",325,60,"subchapter","exercise",1,6,2,NA,1,6,2,10,"60_325"
"746",325,326,"subchapter","subchapter",1,6,2,NA,1,6,3,NA,"325_326"
"747",325,327,"subchapter","subchapter",1,6,2,NA,1,6,4,NA,"325_327"
"748",325,328,"subchapter","subchapter",1,6,2,NA,1,6,5,NA,"325_328"
"749",325,329,"subchapter","subchapter",1,6,2,NA,1,6,6,NA,"325_329"
"750",326,61,"subchapter","exercise",1,6,3,NA,1,6,3,11,"61_326"
"751",326,62,"subchapter","exercise",1,6,3,NA,1,6,3,12,"62_326"
"752",326,63,"subchapter","exercise",1,6,3,NA,1,6,3,13,"63_326"
"753",326,64,"subchapter","exercise",1,6,3,NA,1,6,3,14,"64_326"
"754",326,65,"subchapter","exercise",1,6,3,NA,1,6,3,15,"65_326"
"755",326,66,"subchapter","exercise",1,6,3,NA,1,6,3,16,"66_326"
"756",326,327,"subchapter","subchapter",1,6,3,NA,1,6,4,NA,"326_327"
"757",326,328,"subchapter","subchapter",1,6,3,NA,1,6,5,NA,"326_328"
"758",326,329,"subchapter","subchapter",1,6,3,NA,1,6,6,NA,"326_329"
"759",327,67,"subchapter","exercise",1,6,4,NA,1,6,4,17,"67_327"
"760",327,68,"subchapter","exercise",1,6,4,NA,1,6,4,18,"68_327"
"761",327,69,"subchapter","exercise",1,6,4,NA,1,6,4,19,"69_327"
"762",327,328,"subchapter","subchapter",1,6,4,NA,1,6,5,NA,"327_328"
"763",327,329,"subchapter","subchapter",1,6,4,NA,1,6,6,NA,"327_329"
"764",328,70,"subchapter","exercise",1,6,5,NA,1,6,5,20,"70_328"
"765",328,71,"subchapter","exercise",1,6,5,NA,1,6,5,21,"71_328"
"766",328,72,"subchapter","exercise",1,6,5,NA,1,6,5,22,"72_328"
"767",328,73,"subchapter","exercise",1,6,5,NA,1,6,5,23,"73_328"
"768",328,74,"subchapter","exercise",1,6,5,NA,1,6,5,24,"74_328"
"769",328,329,"subchapter","subchapter",1,6,5,NA,1,6,6,NA,"328_329"
"770",329,75,"subchapter","exercise",1,6,6,NA,1,6,6,25,"75_329"
"771",329,76,"subchapter","exercise",1,6,6,NA,1,6,6,26,"76_329"
"772",329,77,"subchapter","exercise",1,6,6,NA,1,6,6,27,"77_329"
"773",329,78,"subchapter","exercise",1,6,6,NA,1,6,6,28,"78_329"
"774",329,79,"subchapter","exercise",1,6,6,NA,1,6,6,29,"79_329"
"775",329,80,"subchapter","exercise",1,6,6,NA,1,6,6,30,"80_329"
"776",329,81,"subchapter","exercise",1,6,6,NA,1,6,6,31,"81_329"
"777",329,82,"subchapter","exercise",1,6,6,NA,1,6,6,32,"82_329"
"778",329,83,"subchapter","exercise",1,6,6,NA,1,6,6,33,"83_329"
"779",330,84,"subchapter","exercise",1,7,1,NA,1,7,1,1,"84_330"
"780",330,85,"subchapter","exercise",1,7,1,NA,1,7,1,2,"85_330"
"781",330,86,"subchapter","exercise",1,7,1,NA,1,7,1,3,"86_330"
"782",330,87,"subchapter","exercise",1,7,1,NA,1,7,1,4,"87_330"
"783",330,88,"subchapter","exercise",1,7,1,NA,1,7,1,5,"88_330"
"784",330,89,"subchapter","exercise",1,7,1,NA,1,7,1,6,"89_330"
"785",330,331,"subchapter","subchapter",1,7,1,NA,1,7,2,NA,"330_331"
"786",330,332,"subchapter","subchapter",1,7,1,NA,1,7,3,NA,"330_332"
"787",330,333,"subchapter","subchapter",1,7,1,NA,1,7,4,NA,"330_333"
"788",331,90,"subchapter","exercise",1,7,2,NA,1,7,2,7,"90_331"
"789",331,91,"subchapter","exercise",1,7,2,NA,1,7,2,8,"91_331"
"790",331,332,"subchapter","subchapter",1,7,2,NA,1,7,3,NA,"331_332"
"791",331,333,"subchapter","subchapter",1,7,2,NA,1,7,4,NA,"331_333"
"792",332,92,"subchapter","exercise",1,7,3,NA,1,7,3,9,"92_332"
"793",332,93,"subchapter","exercise",1,7,3,NA,1,7,3,10,"93_332"
"794",332,94,"subchapter","exercise",1,7,3,NA,1,7,3,11,"94_332"
"795",332,333,"subchapter","subchapter",1,7,3,NA,1,7,4,NA,"332_333"
"796",333,95,"subchapter","exercise",1,7,4,NA,1,7,4,12,"95_333"
"797",334,96,"subchapter","exercise",1,8,1,NA,1,8,1,1,"96_334"
"798",334,97,"subchapter","exercise",1,8,1,NA,1,8,1,2,"97_334"
"799",334,335,"subchapter","subchapter",1,8,1,NA,1,8,2,NA,"334_335"
"800",334,336,"subchapter","subchapter",1,8,1,NA,1,8,3,NA,"334_336"
"801",334,337,"subchapter","subchapter",1,8,1,NA,1,8,4,NA,"334_337"
"802",335,98,"subchapter","exercise",1,8,2,NA,1,8,2,3,"98_335"
"803",335,99,"subchapter","exercise",1,8,2,NA,1,8,2,4,"99_335"
"804",335,100,"subchapter","exercise",1,8,2,NA,1,8,2,5,"100_335"
"805",335,101,"subchapter","exercise",1,8,2,NA,1,8,2,6,"101_335"
"806",335,102,"subchapter","exercise",1,8,2,NA,1,8,2,7,"102_335"
"807",335,336,"subchapter","subchapter",1,8,2,NA,1,8,3,NA,"335_336"
"808",335,337,"subchapter","subchapter",1,8,2,NA,1,8,4,NA,"335_337"
"809",336,103,"subchapter","exercise",1,8,3,NA,1,8,3,8,"103_336"
"810",336,104,"subchapter","exercise",1,8,3,NA,1,8,3,9,"104_336"
"811",336,337,"subchapter","subchapter",1,8,3,NA,1,8,4,NA,"336_337"
"812",337,105,"subchapter","exercise",1,8,4,NA,1,8,4,10,"105_337"
"813",337,106,"subchapter","exercise",1,8,4,NA,1,8,4,11,"106_337"
"814",337,107,"subchapter","exercise",1,8,4,NA,1,8,4,12,"107_337"
"815",337,108,"subchapter","exercise",1,8,4,NA,1,8,4,13,"108_337"
"816",338,109,"subchapter","exercise",2,9,1,NA,2,9,1,1,"109_338"
"817",338,110,"subchapter","exercise",2,9,1,NA,2,9,1,2,"110_338"
"818",338,111,"subchapter","exercise",2,9,1,NA,2,9,1,3,"111_338"
"819",338,112,"subchapter","exercise",2,9,1,NA,2,9,1,4,"112_338"
"820",338,113,"subchapter","exercise",2,9,1,NA,2,9,1,5,"113_338"
"821",338,114,"subchapter","exercise",2,9,1,NA,2,9,1,6,"114_338"
"822",338,115,"subchapter","exercise",2,9,1,NA,2,9,1,7,"115_338"
"823",338,339,"subchapter","subchapter",2,9,1,NA,2,9,2,NA,"338_339"
"824",338,340,"subchapter","subchapter",2,9,1,NA,2,9,3,NA,"338_340"
"825",338,341,"subchapter","subchapter",2,9,1,NA,2,9,4,NA,"338_341"
"826",339,116,"subchapter","exercise",2,9,2,NA,2,9,2,8,"116_339"
"827",339,117,"subchapter","exercise",2,9,2,NA,2,9,2,9,"117_339"
"828",339,118,"subchapter","exercise",2,9,2,NA,2,9,2,10,"118_339"
"829",339,119,"subchapter","exercise",2,9,2,NA,2,9,2,11,"119_339"
"830",339,340,"subchapter","subchapter",2,9,2,NA,2,9,3,NA,"339_340"
"831",339,341,"subchapter","subchapter",2,9,2,NA,2,9,4,NA,"339_341"
"832",340,120,"subchapter","exercise",2,9,3,NA,2,9,3,12,"120_340"
"833",340,121,"subchapter","exercise",2,9,3,NA,2,9,3,13,"121_340"
"834",340,122,"subchapter","exercise",2,9,3,NA,2,9,3,14,"122_340"
"835",340,123,"subchapter","exercise",2,9,3,NA,2,9,3,15,"123_340"
"836",340,124,"subchapter","exercise",2,9,3,NA,2,9,3,16,"124_340"
"837",340,341,"subchapter","subchapter",2,9,3,NA,2,9,4,NA,"340_341"
"838",341,125,"subchapter","exercise",2,9,4,NA,2,9,4,17,"125_341"
"839",341,126,"subchapter","exercise",2,9,4,NA,2,9,4,18,"126_341"
"840",341,127,"subchapter","exercise",2,9,4,NA,2,9,4,19,"127_341"
"841",342,128,"subchapter","exercise",2,10,1,NA,2,10,1,1,"128_342"
"842",342,129,"subchapter","exercise",2,10,1,NA,2,10,1,2,"129_342"
"843",342,130,"subchapter","exercise",2,10,1,NA,2,10,1,3,"130_342"
"844",342,131,"subchapter","exercise",2,10,1,NA,2,10,1,4,"131_342"
"845",342,132,"subchapter","exercise",2,10,1,NA,2,10,1,5,"132_342"
"846",342,133,"subchapter","exercise",2,10,1,NA,2,10,1,6,"133_342"
"847",342,343,"subchapter","subchapter",2,10,1,NA,2,10,2,NA,"342_343"
"848",342,344,"subchapter","subchapter",2,10,1,NA,2,10,3,NA,"342_344"
"849",342,345,"subchapter","subchapter",2,10,1,NA,2,10,4,NA,"342_345"
"850",343,134,"subchapter","exercise",2,10,2,NA,2,10,2,7,"134_343"
"851",343,344,"subchapter","subchapter",2,10,2,NA,2,10,3,NA,"343_344"
"852",343,345,"subchapter","subchapter",2,10,2,NA,2,10,4,NA,"343_345"
"853",344,135,"subchapter","exercise",2,10,3,NA,2,10,3,8,"135_344"
"854",344,136,"subchapter","exercise",2,10,3,NA,2,10,3,9,"136_344"
"855",344,137,"subchapter","exercise",2,10,3,NA,2,10,3,10,"137_344"
"856",344,138,"subchapter","exercise",2,10,3,NA,2,10,3,11,"138_344"
"857",344,345,"subchapter","subchapter",2,10,3,NA,2,10,4,NA,"344_345"
"858",345,139,"subchapter","exercise",2,10,4,NA,2,10,4,12,"139_345"
"859",345,140,"subchapter","exercise",2,10,4,NA,2,10,4,13,"140_345"
"860",346,141,"subchapter","exercise",2,11,1,NA,2,11,1,1,"141_346"
"861",346,142,"subchapter","exercise",2,11,1,NA,2,11,1,2,"142_346"
"862",346,143,"subchapter","exercise",2,11,1,NA,2,11,1,3,"143_346"
"863",346,347,"subchapter","subchapter",2,11,1,NA,2,11,2,NA,"346_347"
"864",347,144,"subchapter","exercise",2,11,2,NA,2,11,2,1,"144_347"
"865",347,145,"subchapter","exercise",2,11,2,NA,2,11,2,2,"145_347"
"866",347,146,"subchapter","exercise",2,11,2,NA,2,11,2,3,"146_347"
"867",347,147,"subchapter","exercise",2,11,2,NA,2,11,2,4,"147_347"
"868",347,148,"subchapter","exercise",2,11,2,NA,2,11,2,5,"148_347"
"869",348,149,"subchapter","exercise",3,13,1,NA,3,13,1,1,"149_348"
"870",348,150,"subchapter","exercise",3,13,1,NA,3,13,1,2,"150_348"
"871",348,151,"subchapter","exercise",3,13,1,NA,3,13,1,3,"151_348"
"872",348,152,"subchapter","exercise",3,13,1,NA,3,13,1,4,"152_348"
"873",348,153,"subchapter","exercise",3,13,1,NA,3,13,1,5,"153_348"
"874",348,154,"subchapter","exercise",3,13,1,NA,3,13,1,6,"154_348"
"875",348,349,"subchapter","subchapter",3,13,1,NA,3,13,2,NA,"348_349"
"876",348,350,"subchapter","subchapter",3,13,1,NA,3,13,3,NA,"348_350"
"877",348,351,"subchapter","subchapter",3,13,1,NA,3,13,4,NA,"348_351"
"878",348,352,"subchapter","subchapter",3,13,1,NA,3,13,5,NA,"348_352"
"879",348,353,"subchapter","subchapter",3,13,1,NA,3,13,6,NA,"348_353"
"880",349,155,"subchapter","exercise",3,13,2,NA,3,13,2,1,"155_349"
"881",349,156,"subchapter","exercise",3,13,2,NA,3,13,2,2,"156_349"
"882",349,157,"subchapter","exercise",3,13,2,NA,3,13,2,3,"157_349"
"883",349,158,"subchapter","exercise",3,13,2,NA,3,13,2,4,"158_349"
"884",349,159,"subchapter","exercise",3,13,2,NA,3,13,2,5,"159_349"
"885",349,350,"subchapter","subchapter",3,13,2,NA,3,13,3,NA,"349_350"
"886",349,351,"subchapter","subchapter",3,13,2,NA,3,13,4,NA,"349_351"
"887",349,352,"subchapter","subchapter",3,13,2,NA,3,13,5,NA,"349_352"
"888",349,353,"subchapter","subchapter",3,13,2,NA,3,13,6,NA,"349_353"
"889",350,160,"subchapter","exercise",3,13,3,NA,3,13,3,1,"160_350"
"890",350,161,"subchapter","exercise",3,13,3,NA,3,13,3,2,"161_350"
"891",350,162,"subchapter","exercise",3,13,3,NA,3,13,3,3,"162_350"
"892",350,163,"subchapter","exercise",3,13,3,NA,3,13,3,4,"163_350"
"893",350,164,"subchapter","exercise",3,13,3,NA,3,13,3,5,"164_350"
"894",350,165,"subchapter","exercise",3,13,3,NA,3,13,3,6,"165_350"
"895",350,351,"subchapter","subchapter",3,13,3,NA,3,13,4,NA,"350_351"
"896",350,352,"subchapter","subchapter",3,13,3,NA,3,13,5,NA,"350_352"
"897",350,353,"subchapter","subchapter",3,13,3,NA,3,13,6,NA,"350_353"
"898",351,166,"subchapter","exercise",3,13,4,NA,3,13,4,1,"166_351"
"899",351,167,"subchapter","exercise",3,13,4,NA,3,13,4,2,"167_351"
"900",351,352,"subchapter","subchapter",3,13,4,NA,3,13,5,NA,"351_352"
"901",351,353,"subchapter","subchapter",3,13,4,NA,3,13,6,NA,"351_353"
"902",352,168,"subchapter","exercise",3,13,5,NA,3,13,5,1,"168_352"
"903",352,169,"subchapter","exercise",3,13,5,NA,3,13,5,2,"169_352"
"904",352,170,"subchapter","exercise",3,13,5,NA,3,13,5,3,"170_352"
"905",352,353,"subchapter","subchapter",3,13,5,NA,3,13,6,NA,"352_353"
"906",353,171,"subchapter","exercise",3,13,6,NA,3,13,6,1,"171_353"
"907",353,172,"subchapter","exercise",3,13,6,NA,3,13,6,2,"172_353"
"908",353,173,"subchapter","exercise",3,13,6,NA,3,13,6,3,"173_353"
"909",354,174,"subchapter","exercise",3,14,1,NA,3,14,1,1,"174_354"
"910",354,175,"subchapter","exercise",3,14,1,NA,3,14,1,2,"175_354"
"911",354,176,"subchapter","exercise",3,14,1,NA,3,14,1,3,"176_354"
"912",354,177,"subchapter","exercise",3,14,1,NA,3,14,1,4,"177_354"
"913",354,178,"subchapter","exercise",3,14,1,NA,3,14,1,5,"178_354"
"914",354,179,"subchapter","exercise",3,14,1,NA,3,14,1,6,"179_354"
"915",354,180,"subchapter","exercise",3,14,1,NA,3,14,1,7,"180_354"
"916",354,355,"subchapter","subchapter",3,14,1,NA,3,14,2,NA,"354_355"
"917",354,356,"subchapter","subchapter",3,14,1,NA,3,14,3,NA,"354_356"
"918",355,181,"subchapter","exercise",3,14,2,NA,3,14,2,1,"181_355"
"919",355,182,"subchapter","exercise",3,14,2,NA,3,14,2,2,"182_355"
"920",355,183,"subchapter","exercise",3,14,2,NA,3,14,2,3,"183_355"
"921",355,184,"subchapter","exercise",3,14,2,NA,3,14,2,4,"184_355"
"922",355,356,"subchapter","subchapter",3,14,2,NA,3,14,3,NA,"355_356"
"923",356,185,"subchapter","exercise",3,14,3,NA,3,14,3,1,"185_356"
"924",357,186,"subchapter","exercise",3,15,1,NA,3,15,1,1,"186_357"
"925",357,187,"subchapter","exercise",3,15,1,NA,3,15,1,2,"187_357"
"926",357,358,"subchapter","subchapter",3,15,1,NA,3,15,2,NA,"357_358"
"927",357,359,"subchapter","subchapter",3,15,1,NA,3,15,3,NA,"357_359"
"928",357,360,"subchapter","subchapter",3,15,1,NA,3,15,4,NA,"357_360"
"929",357,361,"subchapter","subchapter",3,15,1,NA,3,15,5,NA,"357_361"
"930",358,188,"subchapter","exercise",3,15,2,NA,3,15,2,1,"188_358"
"931",358,189,"subchapter","exercise",3,15,2,NA,3,15,2,2,"189_358"
"932",358,190,"subchapter","exercise",3,15,2,NA,3,15,2,3,"190_358"
"933",358,359,"subchapter","subchapter",3,15,2,NA,3,15,3,NA,"358_359"
"934",358,360,"subchapter","subchapter",3,15,2,NA,3,15,4,NA,"358_360"
"935",358,361,"subchapter","subchapter",3,15,2,NA,3,15,5,NA,"358_361"
"936",359,191,"subchapter","exercise",3,15,3,NA,3,15,3,1,"191_359"
"937",359,192,"subchapter","exercise",3,15,3,NA,3,15,3,2,"192_359"
"938",359,193,"subchapter","exercise",3,15,3,NA,3,15,3,3,"193_359"
"939",359,194,"subchapter","exercise",3,15,3,NA,3,15,3,4,"194_359"
"940",359,360,"subchapter","subchapter",3,15,3,NA,3,15,4,NA,"359_360"
"941",359,361,"subchapter","subchapter",3,15,3,NA,3,15,5,NA,"359_361"
"942",360,195,"subchapter","exercise",3,15,4,NA,3,15,4,1,"195_360"
"943",360,196,"subchapter","exercise",3,15,4,NA,3,15,4,2,"196_360"
"944",360,197,"subchapter","exercise",3,15,4,NA,3,15,4,3,"197_360"
"945",360,361,"subchapter","subchapter",3,15,4,NA,3,15,5,NA,"360_361"
"946",361,198,"subchapter","exercise",3,15,5,NA,3,15,5,1,"198_361"
"947",361,199,"subchapter","exercise",3,15,5,NA,3,15,5,2,"199_361"
"948",362,200,"subchapter","exercise",4,18,1,NA,4,18,1,1,"200_362"
"949",362,201,"subchapter","exercise",4,18,1,NA,4,18,1,2,"201_362"
"950",362,202,"subchapter","exercise",4,18,1,NA,4,18,1,3,"202_362"
"951",362,203,"subchapter","exercise",4,18,1,NA,4,18,1,4,"203_362"
"952",362,204,"subchapter","exercise",4,18,1,NA,4,18,1,5,"204_362"
"953",362,363,"subchapter","subchapter",4,18,1,NA,4,18,2,NA,"362_363"
"954",362,364,"subchapter","subchapter",4,18,1,NA,4,18,3,NA,"362_364"
"955",362,365,"subchapter","subchapter",4,18,1,NA,4,18,4,NA,"362_365"
"956",363,205,"subchapter","exercise",4,18,2,NA,4,18,2,1,"205_363"
"957",363,206,"subchapter","exercise",4,18,2,NA,4,18,2,2,"206_363"
"958",363,207,"subchapter","exercise",4,18,2,NA,4,18,2,3,"207_363"
"959",363,208,"subchapter","exercise",4,18,2,NA,4,18,2,4,"208_363"
"960",363,209,"subchapter","exercise",4,18,2,NA,4,18,2,5,"209_363"
"961",363,210,"subchapter","exercise",4,18,2,NA,4,18,2,6,"210_363"
"962",363,364,"subchapter","subchapter",4,18,2,NA,4,18,3,NA,"363_364"
"963",363,365,"subchapter","subchapter",4,18,2,NA,4,18,4,NA,"363_365"
"964",364,211,"subchapter","exercise",4,18,3,NA,4,18,3,1,"211_364"
"965",364,212,"subchapter","exercise",4,18,3,NA,4,18,3,2,"212_364"
"966",364,213,"subchapter","exercise",4,18,3,NA,4,18,3,3,"213_364"
"967",364,214,"subchapter","exercise",4,18,3,NA,4,18,3,4,"214_364"
"968",364,215,"subchapter","exercise",4,18,3,NA,4,18,3,5,"215_364"
"969",364,216,"subchapter","exercise",4,18,3,NA,4,18,3,6,"216_364"
"970",364,217,"subchapter","exercise",4,18,3,NA,4,18,3,7,"217_364"
"971",364,218,"subchapter","exercise",4,18,3,NA,4,18,3,8,"218_364"
"972",364,219,"subchapter","exercise",4,18,3,NA,4,18,3,9,"219_364"
"973",364,220,"subchapter","exercise",4,18,3,NA,4,18,3,10,"220_364"
"974",364,365,"subchapter","subchapter",4,18,3,NA,4,18,4,NA,"364_365"
"975",365,221,"subchapter","exercise",4,18,4,NA,4,18,4,1,"221_365"
"976",365,222,"subchapter","exercise",4,18,4,NA,4,18,4,2,"222_365"
"977",365,223,"subchapter","exercise",4,18,4,NA,4,18,4,3,"223_365"
"978",365,224,"subchapter","exercise",4,18,4,NA,4,18,4,4,"224_365"
"979",366,225,"subchapter","exercise",4,19,1,NA,4,19,1,1,"225_366"
"980",366,226,"subchapter","exercise",4,19,1,NA,4,19,1,2,"226_366"
"981",366,367,"subchapter","subchapter",4,19,1,NA,4,19,2,NA,"366_367"
"982",366,368,"subchapter","subchapter",4,19,1,NA,4,19,3,NA,"366_368"
"983",366,369,"subchapter","subchapter",4,19,1,NA,4,19,4,NA,"366_369"
"984",366,370,"subchapter","subchapter",4,19,1,NA,4,19,5,NA,"366_370"
"985",367,227,"subchapter","exercise",4,19,2,NA,4,19,2,1,"227_367"
"986",367,228,"subchapter","exercise",4,19,2,NA,4,19,2,2,"228_367"
"987",367,229,"subchapter","exercise",4,19,2,NA,4,19,2,3,"229_367"
"988",367,230,"subchapter","exercise",4,19,2,NA,4,19,2,4,"230_367"
"989",367,231,"subchapter","exercise",4,19,2,NA,4,19,2,5,"231_367"
"990",367,232,"subchapter","exercise",4,19,2,NA,4,19,2,6,"232_367"
"991",367,368,"subchapter","subchapter",4,19,2,NA,4,19,3,NA,"367_368"
"992",367,369,"subchapter","subchapter",4,19,2,NA,4,19,4,NA,"367_369"
"993",367,370,"subchapter","subchapter",4,19,2,NA,4,19,5,NA,"367_370"
"994",368,233,"subchapter","exercise",4,19,3,NA,4,19,3,1,"233_368"
"995",368,234,"subchapter","exercise",4,19,3,NA,4,19,3,2,"234_368"
"996",368,369,"subchapter","subchapter",4,19,3,NA,4,19,4,NA,"368_369"
"997",368,370,"subchapter","subchapter",4,19,3,NA,4,19,5,NA,"368_370"
"998",369,235,"subchapter","exercise",4,19,4,NA,4,19,4,1,"235_369"
"999",369,236,"subchapter","exercise",4,19,4,NA,4,19,4,2,"236_369"
"1000",369,237,"subchapter","exercise",4,19,4,NA,4,19,4,3,"237_369"
"1001",369,370,"subchapter","subchapter",4,19,4,NA,4,19,5,NA,"369_370"
"1002",370,238,"subchapter","exercise",4,19,5,NA,4,19,5,1,"238_370"
"1003",370,239,"subchapter","exercise",4,19,5,NA,4,19,5,2,"239_370"
"1004",370,240,"subchapter","exercise",4,19,5,NA,4,19,5,3,"240_370"
"1005",371,241,"subchapter","exercise",4,20,1,NA,4,20,1,1,"241_371"
"1006",371,242,"subchapter","exercise",4,20,1,NA,4,20,1,2,"242_371"
"1007",371,243,"subchapter","exercise",4,20,1,NA,4,20,1,3,"243_371"
"1008",371,244,"subchapter","exercise",4,20,1,NA,4,20,1,4,"244_371"
"1009",371,245,"subchapter","exercise",4,20,1,NA,4,20,1,5,"245_371"
"1010",371,372,"subchapter","subchapter",4,20,1,NA,4,20,2,NA,"371_372"
"1011",371,373,"subchapter","subchapter",4,20,1,NA,4,20,3,NA,"371_373"
"1012",371,374,"subchapter","subchapter",4,20,1,NA,4,20,4,NA,"371_374"
"1013",371,375,"subchapter","subchapter",4,20,1,NA,4,20,5,NA,"371_375"
"1014",372,246,"subchapter","exercise",4,20,2,NA,4,20,2,1,"246_372"
"1015",372,247,"subchapter","exercise",4,20,2,NA,4,20,2,2,"247_372"
"1016",372,373,"subchapter","subchapter",4,20,2,NA,4,20,3,NA,"372_373"
"1017",372,374,"subchapter","subchapter",4,20,2,NA,4,20,4,NA,"372_374"
"1018",372,375,"subchapter","subchapter",4,20,2,NA,4,20,5,NA,"372_375"
"1019",373,248,"subchapter","exercise",4,20,3,NA,4,20,3,1,"248_373"
"1020",373,249,"subchapter","exercise",4,20,3,NA,4,20,3,2,"249_373"
"1021",373,250,"subchapter","exercise",4,20,3,NA,4,20,3,2,"250_373"
"1022",373,374,"subchapter","subchapter",4,20,3,NA,4,20,4,NA,"373_374"
"1023",373,375,"subchapter","subchapter",4,20,3,NA,4,20,5,NA,"373_375"
"1024",374,251,"subchapter","exercise",4,20,4,NA,4,20,4,1,"251_374"
"1025",374,375,"subchapter","subchapter",4,20,4,NA,4,20,5,NA,"374_375"
"1026",375,252,"subchapter","exercise",4,20,5,NA,4,20,5,1,"252_375"
"1027",375,253,"subchapter","exercise",4,20,5,NA,4,20,5,2,"253_375"
"1028",375,254,"subchapter","exercise",4,20,5,NA,4,20,5,3,"254_375"
"1029",376,255,"subchapter","exercise",4,21,1,NA,4,21,1,1,"255_376"
"1030",376,256,"subchapter","exercise",4,21,1,NA,4,21,1,2,"256_376"
"1031",376,257,"subchapter","exercise",4,21,1,NA,4,21,1,3,"257_376"
"1032",376,258,"subchapter","exercise",4,21,1,NA,4,21,1,4,"258_376"
"1033",376,377,"subchapter","subchapter",4,21,1,NA,4,21,2,NA,"376_377"
"1034",376,378,"subchapter","subchapter",4,21,1,NA,4,21,3,NA,"376_378"
"1035",377,259,"subchapter","exercise",4,21,2,NA,4,21,2,1,"259_377"
"1036",377,378,"subchapter","subchapter",4,21,2,NA,4,21,3,NA,"377_378"
"1037",378,260,"subchapter","exercise",4,21,3,NA,4,21,3,2,"260_378"
"1038",379,261,"subchapter","exercise",5,23,1,NA,5,23,1,1,"261_379"
"1039",379,380,"subchapter","subchapter",5,23,1,NA,5,23,2,NA,"379_380"
"1040",380,262,"subchapter","exercise",5,23,2,NA,5,23,2,1,"262_380"
"1041",380,263,"subchapter","exercise",5,23,2,NA,5,23,2,2,"263_380"
"1042",381,264,"subchapter","exercise",5,24,1,NA,5,24,1,1,"264_381"
"1043",381,265,"subchapter","exercise",5,24,1,NA,5,24,1,2,"265_381"
"1044",381,266,"subchapter","exercise",5,24,1,NA,5,24,1,3,"266_381"
"1045",381,267,"subchapter","exercise",5,24,1,NA,5,24,1,4,"267_381"
"1046",381,268,"subchapter","exercise",5,24,1,NA,5,24,1,5,"268_381"
"1047",381,382,"subchapter","subchapter",5,24,1,NA,5,24,2,NA,"381_382"
"1048",381,383,"subchapter","subchapter",5,24,1,NA,5,24,3,NA,"381_383"
"1049",382,269,"subchapter","exercise",5,24,2,NA,5,24,2,3,"269_382"
"1050",382,270,"subchapter","exercise",5,24,2,NA,5,24,2,4,"270_382"
"1051",382,271,"subchapter","exercise",5,24,2,NA,5,24,2,5,"271_382"
"1052",382,383,"subchapter","subchapter",5,24,2,NA,5,24,3,NA,"382_383"
"1053",383,272,"subchapter","exercise",5,24,3,NA,5,24,3,1,"272_383"
"1054",383,273,"subchapter","exercise",5,24,3,NA,5,24,3,2,"273_383"
"1055",383,274,"subchapter","exercise",5,24,3,NA,5,24,3,3,"274_383"
"1056",384,275,"subchapter","exercise",5,25,1,NA,5,25,1,1,"275_384"
"1057",384,276,"subchapter","exercise",5,25,1,NA,5,25,1,2,"276_384"
"1058",384,385,"subchapter","subchapter",5,25,1,NA,5,25,2,NA,"384_385"
"1059",384,386,"subchapter","subchapter",5,25,1,NA,5,25,3,NA,"384_386"
"1060",385,277,"subchapter","exercise",5,25,2,NA,5,25,2,1,"277_385"
"1061",385,278,"subchapter","exercise",5,25,2,NA,5,25,2,2,"278_385"
"1062",385,386,"subchapter","subchapter",5,25,2,NA,5,25,3,NA,"385_386"
"1063",386,279,"subchapter","exercise",5,25,3,NA,5,25,3,1,"279_386"
"1064",386,280,"subchapter","exercise",5,25,3,NA,5,25,3,2,"280_386"
"1065",386,281,"subchapter","exercise",5,25,3,NA,5,25,3,3,"281_386"
"1066",386,282,"subchapter","exercise",5,25,3,NA,5,25,3,4,"282_386"
"1067",386,283,"subchapter","exercise",5,25,3,NA,5,25,3,5,"283_386"
"1068",386,284,"subchapter","exercise",5,25,3,NA,5,25,3,6,"284_386"
